hs_code,year,country,reported_value,mirror_value,selected_value,selected_source,unit,included,classification,verification_status,unverified,selection_note,supplement_source_url
253090,2017,ABW,0.005,0.116422,0.005,reported,t,False,insufficient_data,no_adjustment,False,,
253090,2017,AFG,,0.675,,missing,t,False,insufficient_data,not_applicable,False,,
253090,2017,AGO,16.706,2.4465,16.706,reported,t,False,insufficient_data,no_adjustment,False,,
253090,2017,ALB,,1.568,,missing,t,False,insufficient_data,not_applicable,False,,
253090,2017,AND,605.04,18342.3,605.04,reported,t,False,insufficient_data,no_adjustment,False,,
253090,2017,ARE,31211.068,345240.974983,31211.068,reported,t,False,non_lithium,no_adjustment,False,,
253090,2017,ARG,1163.9087,1194.581403,1163.9087,reported,t,False,insufficient_data,no_adjustment,False,,
253090,2017,ARM,80.06061,65.27199999999999,80.06061,reported,t,False,insufficient_data,no_adjustment,False,,
253090,2017,ATA,,0.374,,missing,t,False,insufficient_data,not_applicable,False,,
253090,2017,AUS,3606110.5866,3066213.971052,3606110.5866,reported,t,True,lithium,no_adjustment,False,,
253090,2017,AUT,83993.01873899999,46788.85479,83993.01873899999,reported,t,False,non_lithium,no_adjustment,False,,
253090,2017,AZE,243.03841,42.0,243.03841,reported,t,False,insufficient_data,no_adjustment,False,,
253090,2017,BDI,28.291,0.446,28.291,reported,t,False,insufficient_data,no_adjustment,False,,
253090,2017,BEL,44011.345740000004,87203.58465,44011.345740000004,reported,t,False,non_lithium,no_adjustment,False,,
253090,2017,BEN,,0.838,,missing,t,False,insufficient_data,not_applicable,False,,
253090,2017,BFA,1.0,33.702,1.0,reported,t,False,insufficient_data,no_adjustment,False,,
253090,2017,BGR,2246.877,1700.2740000000001,2246.877,reported,t,False,insufficient_data,no_adjustment,False,,
253090,2017,BHR,51148.7921,9.744,51148.7921,reported,t,False,non_lithium,no_adjustment,False,,
253090,2017,BHS,19564.0,43904.7,19564.0,reported,t,False,insufficient_data,no_adjustment,False,,
253090,2017,BIH,845.0,712.90326,845.0,reported,t,False,insufficient_data,no_adjustment,False,,
253090,2017,BLR,1156.568,348368.845187,1156.568,reported,t,False,insufficient_data,no_adjustment,False,,
253090,2017,BMU,,1.077,,missing,t,False,insufficient_data,not_applicable,False,,
253090,2017,BOL,0.1257,8.21426,0.1257,reported,t,False,insufficient_data,no_adjustment,False,,
253090,2017,BRA,7661.846898,6424.088189,7661.846898,reported,t,True,lithium,no_adjustment,False,,
253090,2017,BRB,,0.277,,missing,t,False,insufficient_data,not_applicable,False,,
253090,2017,BRN,0.008,,0.008,reported,t,False,insufficient_data,no_adjustment,False,,
253090,2017,BTN,0.118,,0.118,reported,t,False,insufficient_data,no_adjustment,False,,
253090,2017,BWA,3.06,28.83661,3.06,reported,t,False,insufficient_data,no_adjustment,False,,
253090,2017,CAN,176223.731,,176223.731,reported,t,False,non_lithium,no_adjustment,False,,
253090,2017,CHE,3167765.215074,2829166.417885,3167765.215074,reported,t,False,non_lithium,no_adjustment,False,,
253090,2017,CHL,17202.8,21079.737443,17202.8,reported,t,False,non_lithium,no_adjustment,False,,
253090,2017,CHN,1332311.161843,,1332311.161843,reported,t,False,non_lithium,no_adjustment,False,,
253090,2017,CIV,4587.918,1372.5656,4587.918,reported,t,False,insufficient_data,no_adjustment,False,,
253090,2017,CMR,0.217,62.298514000000004,0.217,reported,t,False,insufficient_data,no_adjustment,False,,
253090,2017,COD,0.932,40.325708999999996,0.932,reported,t,False,insufficient_data,no_adjustment,False,,
253090,2017,COG,,3.198,,missing,t,False,insufficient_data,not_applicable,False,,
253090,2017,COL,1159.5665,1060.216762,1159.5665,reported,t,False,insufficient_data,no_adjustment,False,,
253090,2017,CPV,,0.457,,missing,t,False,insufficient_data,not_applicable,False,,
253090,2017,CRI,8.252,54.413895999999994,8.252,reported,t,False,insufficient_data,no_adjustment,False,,
253090,2017,CT:80,,0.01632,,missing,t,False,insufficient_data,not_applicable,False,,
253090,2017,CUB,1216.052,853.406,1216.052,reported,t,False,insufficient_data,no_adjustment,False,,
253090,2017,CUW,,0.012,,missing,t,False,insufficient_data,not_applicable,False,,
253090,2017,CYM,,0.325,,missing,t,False,insufficient_data,not_applicable,False,,
253090,2017,CYP,3348.629416,3097.103,3348.629416,reported,t,False,insufficient_data,no_adjustment,False,,
253090,2017,CZE,7246.598124,11757.828712,7246.598124,reported,t,False,insufficient_data,no_adjustment,False,,
253090,2017,DEU,244234.337,350403.527147,244234.337,reported,t,False,non_lithium,no_adjustment,False,,
253090,2017,DMA,,2200.0,,missing,t,False,insufficient_data,not_applicable,False,,
253090,2017,DNK,,3483.0173,,missing,t,False,non_lithium,not_applicable,False,,
253090,2017,DOM,10.924050999999999,189.94558,10.924050999999999,reported,t,False,insufficient_data,no_adjustment,False,,
253090,2017,DZA,0.88,0.0043,0.88,reported,t,False,insufficient_data,no_adjustment,False,,
253090,2017,ECU,2713.914,2751.453,2713.914,reported,t,False,insufficient_data,no_adjustment,False,,
253090,2017,EGY,404.028544,12961.036,404.028544,reported,t,False,insufficient_data,no_adjustment,False,,
253090,2017,ERI,,0.004,,missing,t,False,insufficient_data,not_applicable,False,,
253090,2017,ESP,469806.42716799997,637966.0486849999,469806.42716799997,reported,t,False,non_lithium,no_adjustment,False,,
253090,2017,EST,950.236,1082.529,950.236,reported,t,False,insufficient_data,no_adjustment,False,,
253090,2017,ETH,75.0,4.929,75.0,reported,t,False,insufficient_data,no_adjustment,False,,
253090,2017,FIN,10689.182874,17226.224644,10689.182874,reported,t,False,non_lithium,no_adjustment,False,,
253090,2017,FJI,8.45143,3.13143,8.45143,reported,t,False,insufficient_data,no_adjustment,False,,
253090,2017,FRA,1054541.644,1203944.6835720001,1054541.644,reported,t,False,non_lithium,no_adjustment,False,,
253090,2017,GAB,0.38,1.825,0.38,reported,t,False,insufficient_data,no_adjustment,False,,
253090,2017,GBR,22074.719336,13179.041204,22074.719336,reported,t,False,non_lithium,no_adjustment,False,,
253090,2017,GEO,112.58,7.706498,112.58,reported,t,False,insufficient_data,no_adjustment,False,,
253090,2017,GHA,48.39597,103.3181,48.39597,reported,t,False,insufficient_data,no_adjustment,False,,
253090,2017,GIB,,2.715,,missing,t,False,insufficient_data,not_applicable,False,,
253090,2017,GIN,,3.4450000000000003,,missing,t,False,insufficient_data,not_applicable,False,,
253090,2017,GNB,,1.695,,missing,t,False,insufficient_data,not_applicable,False,,
253090,2017,GRC,137209.216,26093.471827999998,137209.216,reported,t,False,non_lithium,no_adjustment,False,,
253090,2017,GRD,,0.014,,missing,t,False,insufficient_data,not_applicable,False,,
253090,2017,GRL,36.752197,203.763,36.752197,reported,t,False,insufficient_data,no_adjustment,False,,
253090,2017,GTM,318.883,0.286,318.883,reported,t,False,insufficient_data,no_adjustment,False,,
253090,2017,GUY,0.17027899999999999,13.222000000000001,0.17027899999999999,reported,t,False,insufficient_data,no_adjustment,False,,
253090,2017,HKG,1966456.619,,1966456.619,reported,t,False,non_lithium,no_adjustment,False,,
253090,2017,HND,,0.13790000000000002,,missing,t,False,insufficient_data,not_applicable,False,,
253090,2017,HRV,72.69007,46.873900000000006,72.69007,reported,t,False,insufficient_data,no_adjustment,False,,
253090,2017,HTI,0.081,,0.081,reported,t,False,insufficient_data,no_adjustment,False,,
253090,2017,HUN,1416.285,14020.557799999999,1416.285,reported,t,False,insufficient_data,no_adjustment,False,,
253090,2017,IDN,40809.92435,47867.710642,40809.92435,reported,t,False,non_lithium,no_adjustment,False,,
253090,2017,IND,53430.395704,69068.348568,53430.395704,reported,t,False,review,no_adjustment,False,,
253090,2017,IRL,9.014,322.378684,9.014,reported,t,False,insufficient_data,no_adjustment,False,,
253090,2017,IRN,194374.709,170321.0515,194374.709,reported,t,False,non_lithium,no_adjustment,False,,
253090,2017,IRQ,,0.23399999999999999,,missing,t,False,insufficient_data,not_applicable,False,,
253090,2017,ISL,,379.84803700000003,,missing,t,False,insufficient_data,not_applicable,False,,
253090,2017,ISR,26.115441,1019.445265,26.115441,reported,t,False,insufficient_data,no_adjustment,False,,
253090,2017,ITA,77399.257,77453.702532,77399.257,reported,t,False,non_lithium,no_adjustment,False,,
253090,2017,JAM,,2291.0,,missing,t,False,insufficient_data,not_applicable,False,,
253090,2017,JOR,1828.257,1284.621,1828.257,reported,t,False,non_lithium,no_adjustment,False,,
253090,2017,JPN,18172.419284000003,36391.109675,18172.419284000003,reported,t,False,non_lithium,no_adjustment,False,,
253090,2017,KAZ,5483.3079800000005,21899.212693999998,5483.3079800000005,reported,t,False,non_lithium,no_adjustment,False,,
253090,2017,KEN,13312.385,1404.352,13312.385,reported,t,False,non_lithium,no_adjustment,False,,
253090,2017,KGZ,0.6,,0.6,reported,t,False,insufficient_data,no_adjustment,False,,
253090,2017,KHM,,0.51,,missing,t,False,insufficient_data,not_applicable,False,,
253090,2017,KOR,174899.00222,120627.291671,174899.00222,reported,t,False,non_lithium,no_adjustment,False,,
253090,2017,KWT,154.014,0.152,154.014,reported,t,False,insufficient_data,no_adjustment,False,,
253090,2017,LAO,0.088491,1916.511,0.088491,reported,t,False,insufficient_data,no_adjustment,False,,
253090,2017,LBN,27.381623,35.161,27.381623,reported,t,False,insufficient_data,no_adjustment,False,,
253090,2017,LBR,,11.630344000000001,,missing,t,False,insufficient_data,not_applicable,False,,
253090,2017,LCA,,2.006,,missing,t,False,insufficient_data,not_applicable,False,,
253090,2017,LKA,1.5022,614.84976,1.5022,reported,t,False,insufficient_data,no_adjustment,False,,
253090,2017,LSO,0.0834,0.15747999999999998,0.0834,reported,t,False,insufficient_data,no_adjustment,False,,
253090,2017,LTU,,1446.861455,,missing,t,False,insufficient_data,not_applicable,False,,
253090,2017,LUX,2687.713,662996.08613,2687.713,reported,t,False,insufficient_data,no_adjustment,False,,
253090,2017,LVA,1339.409,8142.134050000001,1339.409,reported,t,False,insufficient_data,no_adjustment,False,,
253090,2017,MAC,,2356540.006,,missing,t,False,insufficient_data,not_applicable,False,,
253090,2017,MAR,2972.21554,,2972.21554,reported,t,False,non_lithium,no_adjustment,False,,
253090,2017,MDA,6.129,0.46599999999999997,6.129,reported,t,False,insufficient_data,no_adjustment,False,,
253090,2017,MDG,767.44997,180.864875,767.44997,reported,t,False,insufficient_data,no_adjustment,False,,
253090,2017,MEX,22788.510595,125010.504643,22788.510595,reported,t,False,non_lithium,no_adjustment,False,,
253090,2017,MKD,60961.71,680.456,60961.71,reported,t,False,non_lithium,no_adjustment,False,,
253090,2017,MLI,1.155,4.48884,1.155,reported,t,False,insufficient_data,no_adjustment,False,,
253090,2017,MLT,0.02,19.98772,0.02,reported,t,False,insufficient_data,no_adjustment,False,,
253090,2017,MMR,,382.174,,missing,t,False,insufficient_data,not_applicable,False,,
253090,2017,MNG,0.0173,8.052999999999999,0.0173,reported,t,False,insufficient_data,no_adjustment,False,,
253090,2017,MOZ,1.469,44.2644,1.469,reported,t,False,insufficient_data,no_adjustment,False,,
253090,2017,MRT,,6.052,,missing,t,False,insufficient_data,not_applicable,False,,
253090,2017,MSR,0.06,,0.06,reported,t,False,insufficient_data,no_adjustment,False,,
253090,2017,MUS,,1049.0,,missing,t,False,insufficient_data,not_applicable,False,,
253090,2017,MWI,0.2045,14.2386,0.2045,reported,t,False,insufficient_data,no_adjustment,False,,
253090,2017,MYS,32029.4228,37390.801136,32029.4228,reported,t,False,non_lithium,no_adjustment,False,,
253090,2017,NAM,147.098739,41.43679,147.098739,reported,t,False,non_lithium,no_adjustment,False,,
253090,2017,NER,0.154,191.968,0.154,reported,t,False,insufficient_data,no_adjustment,False,,
253090,2017,NGA,41.27988,684.7678,41.27988,reported,t,False,insufficient_data,no_adjustment,False,,
253090,2017,NIC,0.2843,6.1659999999999995,0.2843,reported,t,False,insufficient_data,no_adjustment,False,,
253090,2017,NLD,122224.431,113622.968845,122224.431,reported,t,False,non_lithium,no_adjustment,False,,
253090,2017,NOR,11706.025,229812.260289,11706.025,reported,t,False,non_lithium,no_adjustment,False,,
253090,2017,NPL,,5.10278,,missing,t,False,insufficient_data,not_applicable,False,,
253090,2017,NZL,6900.960866,1009.815664,6900.960866,reported,t,False,non_lithium,no_adjustment,False,,
253090,2017,OMN,2041.6,2514.590858,2041.6,reported,t,False,insufficient_data,no_adjustment,False,,
253090,2017,PAK,5251.0,1693.819959,5251.0,reported,t,False,insufficient_data,no_adjustment,False,,
253090,2017,PAN,,450.01599999999996,,missing,t,False,insufficient_data,not_applicable,False,,
253090,2017,PER,15.52381,3348.55091,15.52381,reported,t,False,non_lithium,no_adjustment,False,,
253090,2017,PHL,1798.583,2022.50562,1798.583,reported,t,False,insufficient_data,no_adjustment,False,,
253090,2017,PNG,,13.398000000000001,,missing,t,False,insufficient_data,not_applicable,False,,
253090,2017,POL,2922.6076719999996,16080.367829,2922.6076719999996,reported,t,False,non_lithium,no_adjustment,False,,
253090,2017,PRK,,3211.842,,missing,t,False,insufficient_data,not_applicable,False,,
253090,2017,PRT,674.689394,886.77081,674.689394,reported,t,False,insufficient_data,no_adjustment,False,,
253090,2017,PYF,55.156,54.554,55.156,reported,t,False,insufficient_data,no_adjustment,False,,
253090,2017,QAT,,1.6252,,missing,t,False,insufficient_data,not_applicable,False,,
253090,2017,ROU,3062.25603,3728.285,3062.25603,reported,t,False,insufficient_data,no_adjustment,False,,
253090,2017,RUS,374500.3808,114356.57281499999,374500.3808,reported,t,False,non_lithium,no_adjustment,False,,
253090,2017,RWA,79.31796,336.001,79.31796,reported,t,False,insufficient_data,no_adjustment,False,,
253090,2017,SAU,21321.0,337.592217,21321.0,reported,t,False,insufficient_data,no_adjustment,False,,
253090,2017,SDN,4.3,0.022,4.3,reported,t,False,insufficient_data,no_adjustment,False,,
253090,2017,SEN,1189.495,18676.6565,1189.495,reported,t,False,insufficient_data,no_adjustment,False,,
253090,2017,SGP,10916.519962999999,6892.585764,10916.519962999999,reported,t,False,insufficient_data,no_adjustment,False,,
253090,2017,SLB,926.6094740000001,,926.6094740000001,reported,t,False,insufficient_data,no_adjustment,False,,
253090,2017,SLE,2.6187,2.6310000000000002,2.6187,reported,t,False,non_lithium,no_adjustment,False,,
253090,2017,SLV,,0.004812,,missing,t,False,insufficient_data,not_applicable,False,,
253090,2017,SMR,,0.12,,missing,t,False,insufficient_data,not_applicable,False,,
253090,2017,SRB,162.073564,530.4626000000001,162.073564,reported,t,False,insufficient_data,no_adjustment,False,,
253090,2017,SUR,3.622,44.486,3.622,reported,t,False,insufficient_data,no_adjustment,False,,
253090,2017,SVK,138723.176,80946.71714000001,138723.176,reported,t,False,non_lithium,no_adjustment,False,,
253090,2017,SVN,364.5301,3136.0472999999997,364.5301,reported,t,False,insufficient_data,no_adjustment,False,,
253090,2017,SWE,119258.938523,78290.13149,119258.938523,reported,t,False,non_lithium,no_adjustment,False,,
253090,2017,TCD,,999.179,,missing,t,False,insufficient_data,not_applicable,False,,
253090,2017,TGO,,1.0,,missing,t,False,insufficient_data,not_applicable,False,,
253090,2017,THA,10600.387998,10821.024904,10600.387998,reported,t,True,lithium,no_adjustment,False,,
253090,2017,TJK,20.0,20.046,20.0,reported,t,False,insufficient_data,no_adjustment,False,,
253090,2017,TKM,,18988.18,,missing,t,False,insufficient_data,not_applicable,False,,
253090,2017,TTO,0.498282,10.63695,0.498282,reported,t,False,insufficient_data,no_adjustment,False,,
253090,2017,TUN,6.78,24.957,6.78,reported,t,False,insufficient_data,no_adjustment,False,,
253090,2017,TUR,174291.414,55346.35033,174291.414,reported,t,False,non_lithium,no_adjustment,False,,
253090,2017,TZA,64.85262,89.652246,64.85262,reported,t,False,insufficient_data,no_adjustment,False,,
253090,2017,UGA,3.226,163.6671,3.226,reported,t,False,insufficient_data,no_adjustment,False,,
253090,2017,UKR,9733.284254,11817.130101,9733.284254,reported,t,False,non_lithium,no_adjustment,False,,
253090,2017,URY,3.31842,55.299,3.31842,reported,t,False,insufficient_data,no_adjustment,False,,
253090,2017,USA,236711.539912,,236711.539912,reported,t,False,non_lithium,no_adjustment,False,,
253090,2017,UZB,718.5,718.5070000000001,718.5,reported,t,False,insufficient_data,no_adjustment,False,,
253090,2017,VCT,20.0,0.007,20.0,reported,t,False,insufficient_data,no_adjustment,False,,
253090,2017,VEN,,0.001,,missing,t,False,insufficient_data,not_applicable,False,,
253090,2017,VNM,3126.139025,824907.806982,3126.139025,reported,t,False,insufficient_data,no_adjustment,False,,
253090,2017,VUT,,15.174,,missing,t,False,insufficient_data,not_applicable,False,,
253090,2017,WSM,,19.958,,missing,t,False,insufficient_data,not_applicable,False,,
253090,2017,ZAF,564.76766,78294.00232099999,564.76766,reported,t,False,non_lithium,no_adjustment,False,,
253090,2017,ZMB,55968.904916,30.338150000000002,55968.904916,reported,t,False,non_lithium,no_adjustment,False,,
253090,2017,ZWE,46977.2043,65608.601874,46977.2043,reported,t,True,lithium,no_adjustment,False,,
253090,2018,ABW,0.09,,0.09,reported,t,False,insufficient_data,no_adjustment,False,,
253090,2018,AFG,,0.261,,missing,t,False,insufficient_data,not_applicable,False,,
253090,2018,AGO,0.019,0.7114,0.019,reported,t,False,insufficient_data,no_adjustment,False,,
253090,2018,ALB,,22.134,,missing,t,False,insufficient_data,not_applicable,False,,
253090,2018,AND,665.69,,665.69,reported,t,False,insufficient_data,no_adjustment,False,,
253090,2018,ARE,461.2176,,461.2176,reported,t,False,non_lithium,no_adjustment,False,,
253090,2018,ARG,336.031,,336.031,reported,t,False,insufficient_data,no_adjustment,False,,
253090,2018,ARM,296.6512,359.477002,296.6512,reported,t,False,insufficient_data,no_adjustment,False,,
253090,2018,ATA,,1.407,,missing,t,False,insufficient_data,not_applicable,False,,
253090,2018,ATG,0.07316,,0.07316,reported,t,False,insufficient_data,no_adjustment,False,,
253090,2018,AUS,3479515.1488699997,,3479515.1488699997,reported,t,True,lithium,no_adjustment,False,,
253090,2018,AUT,80952.84,,80952.84,reported,t,False,non_lithium,no_adjustment,False,,
253090,2018,AZE,84.5236,84.058,84.5236,reported,t,False,insufficient_data,no_adjustment,False,,
253090,2018,BDI,29.93,504.925,29.93,reported,t,False,insufficient_data,no_adjustment,False,,
253090,2018,BEL,44957.84591,,44957.84591,reported,t,False,non_lithium,no_adjustment,False,,
253090,2018,BEN,,0.581646,,missing,t,False,insufficient_data,not_applicable,False,,
253090,2018,BFA,0.695,7.664,0.695,reported,t,False,insufficient_data,no_adjustment,False,,
253090,2018,BGD,,1.617,,missing,t,False,insufficient_data,not_applicable,False,,
253090,2018,BGR,2775.312,2182.9173,2775.312,reported,t,False,insufficient_data,no_adjustment,False,,
253090,2018,BHR,1132.655,0.0023,1132.655,reported,t,False,non_lithium,no_adjustment,False,,
253090,2018,BHS,14032.306541,36806.408,14032.306541,reported,t,False,insufficient_data,no_adjustment,False,,
253090,2018,BIH,2136.43,1807.491972,2136.43,reported,t,False,insufficient_data,no_adjustment,False,,
253090,2018,BLR,3313.577,769324.3870000001,3313.577,reported,t,False,insufficient_data,no_adjustment,False,,
253090,2018,BMU,,0.63,,missing,t,False,insufficient_data,not_applicable,False,,
253090,2018,BOL,192.8,172.3256,192.8,reported,t,False,insufficient_data,no_adjustment,False,,
253090,2018,BRA,10782.986428,,10782.986428,reported,t,True,lithium,no_adjustment,False,,
253090,2018,BRB,0.006,,0.006,reported,t,False,insufficient_data,no_adjustment,False,,
253090,2018,BRN,4.806,,4.806,reported,t,False,insufficient_data,no_adjustment,False,,
253090,2018,BWA,13.8682,18.53988,13.8682,reported,t,False,insufficient_data,no_adjustment,False,,
253090,2018,CAN,220595.065,,220595.065,reported,t,False,non_lithium,no_adjustment,False,,
253090,2018,CHE,3153310.409004,580419.16507,3153310.409004,reported,t,False,non_lithium,no_adjustment,False,,
253090,2018,CHL,11393.812,,11393.812,reported,t,False,non_lithium,no_adjustment,False,,
253090,2018,CHN,1338462.212798,,1338462.212798,reported,t,False,non_lithium,no_adjustment,False,,
253090,2018,CIV,1831.422,1006.536771,1831.422,reported,t,False,insufficient_data,no_adjustment,False,,
253090,2018,CMR,4.495,53.349373,4.495,reported,t,False,insufficient_data,no_adjustment,False,,
253090,2018,COD,2.913,221.23230700000002,2.913,reported,t,False,insufficient_data,no_adjustment,False,,
253090,2018,COG,4.06965,6.804971999999999,4.06965,reported,t,False,insufficient_data,no_adjustment,False,,
253090,2018,COL,1213.727,689.246006,1213.727,reported,t,False,insufficient_data,no_adjustment,False,,
253090,2018,CPV,0.06,,0.06,reported,t,False,insufficient_data,no_adjustment,False,,
253090,2018,CRI,32.456,,32.456,reported,t,False,insufficient_data,no_adjustment,False,,
253090,2018,CT:80,,15.309174,,missing,t,False,insufficient_data,not_applicable,False,,
253090,2018,CUB,1988.252,996.416,1988.252,reported,t,False,insufficient_data,no_adjustment,False,,
253090,2018,CUW,25.0,6205.55,25.0,reported,t,False,insufficient_data,no_adjustment,False,,
253090,2018,CYM,,0.178,,missing,t,False,insufficient_data,not_applicable,False,,
253090,2018,CYP,5046.245,4467.506,5046.245,reported,t,False,insufficient_data,no_adjustment,False,,
253090,2018,CZE,6220.771,,6220.771,reported,t,False,insufficient_data,no_adjustment,False,,
253090,2018,DEU,246715.013567,,246715.013567,reported,t,False,non_lithium,no_adjustment,False,,
253090,2018,DNK,0.0,,84577.96399999999,reported_partner_sum,t,False,non_lithium,unverified,True,,
253090,2018,DOM,,335.304251,,missing,t,False,insufficient_data,not_applicable,False,,
253090,2018,DZA,,0.0005,,missing,t,False,insufficient_data,not_applicable,False,,
253090,2018,ECU,3007.8,3132.542137,3007.8,reported,t,False,insufficient_data,no_adjustment,False,,
253090,2018,EGY,133.97451199999998,,133.97451199999998,reported,t,False,insufficient_data,no_adjustment,False,,
253090,2018,ESP,556764.736437,,556764.736437,reported,t,False,non_lithium,no_adjustment,False,,
253090,2018,EST,566.5581,514.12792,566.5581,reported,t,False,insufficient_data,no_adjustment,False,,
253090,2018,ETH,50.0,3.06027,50.0,reported,t,False,insufficient_data,no_adjustment,False,,
253090,2018,FIN,11158.771961999999,,11158.771961999999,reported,t,False,non_lithium,no_adjustment,False,,
253090,2018,FJI,107.2951,4.58638,107.2951,reported,t,False,insufficient_data,no_adjustment,False,,
253090,2018,FRA,22577.704072,,22577.704072,reported,t,False,non_lithium,no_adjustment,False,,
253090,2018,GAB,0.96,5.934658,0.96,reported,t,False,insufficient_data,no_adjustment,False,,
253090,2018,GBR,7236.135092,,7236.135092,reported,t,False,non_lithium,no_adjustment,False,,
253090,2018,GEO,1.698,0.166,1.698,reported,t,False,insufficient_data,no_adjustment,False,,
253090,2018,GHA,10.936,16.154,10.936,reported,t,False,insufficient_data,no_adjustment,False,,
253090,2018,GIB,,5.118,,missing,t,False,insufficient_data,not_applicable,False,,
253090,2018,GIN,,5.0920000000000005,,missing,t,False,insufficient_data,not_applicable,False,,
253090,2018,GNB,,5.341,,missing,t,False,insufficient_data,not_applicable,False,,
253090,2018,GRC,148812.361,,148812.361,reported,t,False,non_lithium,no_adjustment,False,,
253090,2018,GRL,,223.026,,missing,t,False,insufficient_data,not_applicable,False,,
253090,2018,GTM,4943.746,4866.72466,4943.746,reported,t,False,insufficient_data,no_adjustment,False,,
253090,2018,GUY,3.50168,20.365000000000002,3.50168,reported,t,False,insufficient_data,no_adjustment,False,,
253090,2018,HKG,192705.295,2417.021389,192705.295,reported,t,False,non_lithium,no_adjustment,False,,
253090,2018,HND,,1.067,,missing,t,False,insufficient_data,not_applicable,False,,
253090,2018,HRV,119.43146,105.79796,119.43146,reported,t,False,insufficient_data,no_adjustment,False,,
253090,2018,HTI,,0.001,,missing,t,False,insufficient_data,not_applicable,False,,
253090,2018,HUN,1084.228,19581.146,1084.228,reported,t,False,insufficient_data,no_adjustment,False,,
253090,2018,IDN,72040.664,,72040.664,reported,t,False,non_lithium,no_adjustment,False,,
253090,2018,IND,63205.582569,,63205.582569,reported,t,False,review,no_adjustment,False,,
253090,2018,IRL,86.344,823.8512179999999,86.344,reported,t,False,insufficient_data,no_adjustment,False,,
253090,2018,IRN,296528.906,,296528.906,reported,t,False,non_lithium,no_adjustment,False,,
253090,2018,IRQ,,0.028,,missing,t,False,insufficient_data,not_applicable,False,,
253090,2018,ISL,,312.943836,,missing,t,False,insufficient_data,not_applicable,False,,
253090,2018,ISR,59.401650000000004,340.19079600000003,59.401650000000004,reported,t,False,insufficient_data,no_adjustment,False,,
253090,2018,ITA,72660.054,,72660.054,reported,t,False,non_lithium,no_adjustment,False,,
253090,2018,JAM,,2.615,,missing,t,False,insufficient_data,not_applicable,False,,
253090,2018,JOR,1839.001,,1839.001,reported,t,False,non_lithium,no_adjustment,False,,
253090,2018,JPN,18565.0,35096.499294,18565.0,reported,t,False,non_lithium,no_adjustment,False,,
253090,2018,KAZ,1315.776,28862.838359,1315.776,reported,t,False,non_lithium,no_adjustment,False,,
253090,2018,KEN,26719.95,16840.558687,26719.95,reported,t,False,non_lithium,no_adjustment,False,,
253090,2018,KGZ,3.193106,0.162,3.193106,reported,t,False,insufficient_data,no_adjustment,False,,
253090,2018,KOR,187756.12441,,187756.12441,reported,t,False,non_lithium,no_adjustment,False,,
253090,2018,KWT,10.29,0.046,10.29,reported,t,False,insufficient_data,no_adjustment,False,,
253090,2018,LAO,,383.687,,missing,t,False,insufficient_data,not_applicable,False,,
253090,2018,LBN,13.824626,0.472435,13.824626,reported,t,False,insufficient_data,no_adjustment,False,,
253090,2018,LBR,,3.15817,,missing,t,False,insufficient_data,not_applicable,False,,
253090,2018,LCA,,0.035,,missing,t,False,insufficient_data,not_applicable,False,,
253090,2018,LKA,,379.749566,,missing,t,False,insufficient_data,not_applicable,False,,
253090,2018,LSO,11.089780000000001,0.45898,11.089780000000001,reported,t,False,insufficient_data,no_adjustment,False,,
253090,2018,LTU,307.414263,3115.060258,307.414263,reported,t,False,insufficient_data,no_adjustment,False,,
253090,2018,LUX,2549.3777,7504.223835,2549.3777,reported,t,False,insufficient_data,no_adjustment,False,,
253090,2018,LVA,665.11063,8543.181473,665.11063,reported,t,False,insufficient_data,no_adjustment,False,,
253090,2018,MAC,,4667.24,,missing,t,False,insufficient_data,not_applicable,False,,
253090,2018,MAR,5601.65124,5968.941290999999,5601.65124,reported,t,False,non_lithium,no_adjustment,False,,
253090,2018,MDA,0.45,48.636,0.45,reported,t,False,insufficient_data,no_adjustment,False,,
253090,2018,MDG,138.522794,80.075916,138.522794,reported,t,False,insufficient_data,no_adjustment,False,,
253090,2018,MEX,11162.638304,,11162.638304,reported,t,False,non_lithium,no_adjustment,False,,
253090,2018,MKD,62704.696,788.284,62704.696,reported,t,False,non_lithium,no_adjustment,False,,
253090,2018,MLI,,4.104501,,missing,t,False,insufficient_data,not_applicable,False,,
253090,2018,MLT,,7.749,,missing,t,False,insufficient_data,not_applicable,False,,
253090,2018,MMR,,1024.086789,,missing,t,False,insufficient_data,not_applicable,False,,
253090,2018,MNE,21.464470000000002,10.597,21.464470000000002,reported,t,False,insufficient_data,no_adjustment,False,,
253090,2018,MNG,,57.964,,missing,t,False,insufficient_data,not_applicable,False,,
253090,2018,MOZ,17.583,1097.17982,17.583,reported,t,False,insufficient_data,no_adjustment,False,,
253090,2018,MRT,1.2,4.141557,1.2,reported,t,False,insufficient_data,no_adjustment,False,,
253090,2018,MSR,,0.001,,missing,t,False,insufficient_data,not_applicable,False,,
253090,2018,MUS,0.48,300.103,0.48,reported,t,False,insufficient_data,no_adjustment,False,,
253090,2018,MWI,56.876400000000004,561.608845,56.876400000000004,reported,t,False,insufficient_data,no_adjustment,False,,
253090,2018,MYS,33959.188,27556.538064,33959.188,reported,t,False,non_lithium,no_adjustment,False,,
253090,2018,NAM,0.0,30534.198710999997,1472.9912649999999,reported_partner_sum,t,False,non_lithium,unverified,True,,
253090,2018,NCL,,0.449612,,missing,t,False,insufficient_data,not_applicable,False,,
253090,2018,NER,0.776,151.622399,0.776,reported,t,False,insufficient_data,no_adjustment,False,,
253090,2018,NGA,294.4,9716.064353,294.4,reported,t,False,insufficient_data,no_adjustment,False,,
253090,2018,NIC,0.21959,5.779287,0.21959,reported,t,False,insufficient_data,no_adjustment,False,,
253090,2018,NLD,147999.499,,147999.499,reported,t,False,non_lithium,no_adjustment,False,,
253090,2018,NOR,4312.144,,4312.144,reported,t,False,non_lithium,no_adjustment,False,,
253090,2018,NPL,,0.318125,,missing,t,False,insufficient_data,not_applicable,False,,
253090,2018,NZL,10163.814318,964.23851,10163.814318,reported,t,False,non_lithium,no_adjustment,False,,
253090,2018,OMN,1.45,3958.622352,1.45,reported,t,False,insufficient_data,no_adjustment,False,,
253090,2018,PAK,883.0,,883.0,reported,t,False,insufficient_data,no_adjustment,False,,
253090,2018,PAN,,0.004,,missing,t,False,insufficient_data,not_applicable,False,,
253090,2018,PER,629.769046,3998.828541,629.769046,reported,t,False,non_lithium,no_adjustment,False,,
253090,2018,PHL,2843.8451800000003,1468.31341,2843.8451800000003,reported,t,False,insufficient_data,no_adjustment,False,,
253090,2018,PNG,,11.725076000000001,,missing,t,False,insufficient_data,not_applicable,False,,
253090,2018,POL,2714.926028,,2714.926028,reported,t,False,non_lithium,no_adjustment,False,,
253090,2018,PRK,,34.232,,missing,t,False,insufficient_data,not_applicable,False,,
253090,2018,PRT,1309.406,354.376929,1309.406,reported,t,False,insufficient_data,no_adjustment,False,,
253090,2018,PRY,0.037200000000000004,0.006,0.037200000000000004,reported,t,False,insufficient_data,no_adjustment,False,,
253090,2018,PYF,0.153,0.012,0.153,reported,t,False,insufficient_data,no_adjustment,False,,
253090,2018,QAT,,20.747258000000002,,missing,t,False,insufficient_data,not_applicable,False,,
253090,2018,ROU,3673.5359160000003,4575.105286,3673.5359160000003,reported,t,False,insufficient_data,no_adjustment,False,,
253090,2018,RUS,465755.60291,,465755.60291,reported,t,False,non_lithium,no_adjustment,False,,
253090,2018,RWA,84.44628,64.3459,84.44628,reported,t,False,insufficient_data,no_adjustment,False,,
253090,2018,SAU,398.99472399999996,161.622828,398.99472399999996,reported,t,False,insufficient_data,no_adjustment,False,,
253090,2018,SDN,0.006,,0.006,reported,t,False,insufficient_data,no_adjustment,False,,
253090,2018,SEN,1.258,6520.306683,1.258,reported,t,False,insufficient_data,no_adjustment,False,,
253090,2018,SGP,114.814819,2883.1440000000002,114.814819,reported,t,False,insufficient_data,no_adjustment,False,,
253090,2018,SLB,0.034229,0.105,0.034229,reported,t,False,insufficient_data,no_adjustment,False,,
253090,2018,SLE,406001.5,21.073999999999998,406001.5,reported,t,False,non_lithium,no_adjustment,False,,
253090,2018,SLV,,0.025,,missing,t,False,insufficient_data,not_applicable,False,,
253090,2018,SOM,,185.397,,missing,t,False,insufficient_data,not_applicable,False,,
253090,2018,SRB,305.264207,572.747347,305.264207,reported,t,False,insufficient_data,no_adjustment,False,,
253090,2018,SUR,13.4195,,13.4195,reported,t,False,insufficient_data,no_adjustment,False,,
253090,2018,SVK,165180.072,,165180.072,reported,t,False,non_lithium,no_adjustment,False,,
253090,2018,SVN,281.19725,2473.7461940000003,281.19725,reported,t,False,insufficient_data,no_adjustment,False,,
253090,2018,SWE,0.0,93453.59266899999,65286.760317,reported_partner_sum,t,False,non_lithium,unverified,True,,
253090,2018,SXM,,0.26931099999999997,,missing,t,False,insufficient_data,not_applicable,False,,
253090,2018,SYC,,22.0,,missing,t,False,insufficient_data,not_applicable,False,,
253090,2018,TCD,,593.842,,missing,t,False,insufficient_data,not_applicable,False,,
253090,2018,TGO,,0.34500000000000003,,missing,t,False,insufficient_data,not_applicable,False,,
253090,2018,THA,9393.362216,,9393.362216,reported,t,True,lithium,no_adjustment,False,,
253090,2018,TJK,0.029,0.591,0.029,reported,t,False,insufficient_data,no_adjustment,False,,
253090,2018,TKM,,58516.64,,missing,t,False,insufficient_data,not_applicable,False,,
253090,2018,TLS,0.01835,0.015,0.01835,reported,t,False,insufficient_data,no_adjustment,False,,
253090,2018,TTO,4.394,41.594907,4.394,reported,t,False,insufficient_data,no_adjustment,False,,
253090,2018,TUN,0.003,14.02,0.003,reported,t,False,insufficient_data,no_adjustment,False,,
253090,2018,TUR,228715.582,,228715.582,reported,t,False,non_lithium,no_adjustment,False,,
253090,2018,TZA,1.7605,22.28,1.7605,reported,t,False,insufficient_data,no_adjustment,False,,
253090,2018,UGA,18.904,44.972390000000004,18.904,reported,t,False,insufficient_data,no_adjustment,False,,
253090,2018,UKR,8202.37558,,8202.37558,reported,t,False,non_lithium,no_adjustment,False,,
253090,2018,URY,0.10316,6.133,0.10316,reported,t,False,insufficient_data,no_adjustment,False,,
253090,2018,USA,197526.821666,,197526.821666,reported,t,False,non_lithium,no_adjustment,False,,
253090,2018,UZB,70.33,15.0325,70.33,reported,t,False,insufficient_data,no_adjustment,False,,
253090,2018,VCT,0.005,,0.005,reported,t,False,insufficient_data,no_adjustment,False,,
253090,2018,VEN,,0.100792,,missing,t,False,insufficient_data,not_applicable,False,,
253090,2018,VNM,2157.97789,808651.202,2157.97789,reported,t,False,insufficient_data,no_adjustment,False,,
253090,2018,WSM,0.15,,0.15,reported,t,False,insufficient_data,no_adjustment,False,,
253090,2018,YEM,,0.01,,missing,t,False,insufficient_data,not_applicable,False,,
253090,2018,ZAF,79.53225,90604.386984,79.53225,reported,t,False,non_lithium,no_adjustment,False,,
253090,2018,ZMB,5480.342289,34.40211,5480.342289,reported,t,False,non_lithium,no_adjustment,False,,
253090,2018,ZWE,73075.98809999999,95649.33665099999,73075.98809999999,reported,t,True,lithium,no_adjustment,False,,
253090,2019,AFG,,36.13857,,missing,t,False,insufficient_data,not_applicable,False,,
253090,2019,AGO,,0.314,,missing,t,False,insufficient_data,not_applicable,False,,
253090,2019,ALB,,0.123,,missing,t,False,insufficient_data,not_applicable,False,,
253090,2019,AND,3135.41,,3135.41,reported,t,False,insufficient_data,no_adjustment,False,,
253090,2019,ARE,697.9306700000001,,697.9306700000001,reported,t,False,non_lithium,no_adjustment,False,,
253090,2019,ARG,,418.122877,,missing,t,False,insufficient_data,not_applicable,False,,
253090,2019,ARM,212.907,160.48499999999999,212.907,reported,t,False,insufficient_data,no_adjustment,False,,
253090,2019,ASM,,0.66,,missing,t,False,insufficient_data,not_applicable,False,,
253090,2019,ATA,,1.3359999999999999,,missing,t,False,insufficient_data,not_applicable,False,,
253090,2019,AUS,,,,missing,t,False,lithium,not_applicable,False,,
253090,2019,AUT,82433.837,,82433.837,reported,t,False,non_lithium,no_adjustment,False,,
253090,2019,AZE,6.4293000000000005,3.955,6.4293000000000005,reported,t,False,insufficient_data,no_adjustment,False,,
253090,2019,BDI,,500.009,,missing,t,False,insufficient_data,not_applicable,False,,
253090,2019,BEL,50951.822976,105962.339126,50951.822976,reported,t,False,non_lithium,no_adjustment,False,,
253090,2019,BFA,0.231,17.7761,0.231,reported,t,False,insufficient_data,no_adjustment,False,,
253090,2019,BGD,,0.192,,missing,t,False,insufficient_data,not_applicable,False,,
253090,2019,BGR,2667.05,3017.6185,2667.05,reported,t,False,insufficient_data,no_adjustment,False,,
253090,2019,BHR,1.5,,1.5,reported,t,False,non_lithium,no_adjustment,False,,
253090,2019,BHS,20.0,50532.9,20.0,reported,t,False,insufficient_data,no_adjustment,False,,
253090,2019,BIH,2030.0852,1764.5,2030.0852,reported,t,False,insufficient_data,no_adjustment,False,,
253090,2019,BLR,4579.36,362650.25,4579.36,reported,t,False,insufficient_data,no_adjustment,False,,
253090,2019,BLZ,,0.187,,missing,t,False,insufficient_data,not_applicable,False,,
253090,2019,BMU,,0.124,,missing,t,False,insufficient_data,not_applicable,False,,
253090,2019,BOL,0.2705,188.006,0.2705,reported,t,False,insufficient_data,no_adjustment,False,,
253090,2019,BRA,33643.404,,33643.404,reported,t,True,lithium,no_adjustment,False,,
253090,2019,BRN,1.055,,1.055,reported,t,False,insufficient_data,no_adjustment,False,,
253090,2019,BWA,5.95525,17.92905,5.95525,reported,t,False,insufficient_data,no_adjustment,False,,
253090,2019,CAF,,0.03,,missing,t,False,insufficient_data,not_applicable,False,,
253090,2019,CAN,311453.891,,311453.891,reported,t,False,non_lithium,no_adjustment,False,,
253090,2019,CHE,0.0,2746948.041555,2566103.628037,reported_partner_sum,t,False,non_lithium,unverified,True,,
253090,2019,CHL,16757.925891,14322.298062000002,16757.925891,reported,t,False,non_lithium,no_adjustment,False,,
253090,2019,CHN,0.0,,871091.356077,reported_partner_sum,t,False,non_lithium,unverified,True,,
253090,2019,CIV,838.709,501.279,838.709,reported,t,False,insufficient_data,no_adjustment,False,,
253090,2019,CMR,44.321,44.4245,44.321,reported,t,False,insufficient_data,no_adjustment,False,,
253090,2019,COD,1.846,,1.846,reported,t,False,insufficient_data,no_adjustment,False,,
253090,2019,COG,,3.389,,missing,t,False,insufficient_data,not_applicable,False,,
253090,2019,COL,2203.87323,,2203.87323,reported,t,False,insufficient_data,no_adjustment,False,,
253090,2019,CPV,,0.29,,missing,t,False,insufficient_data,not_applicable,False,,
253090,2019,CRI,27.307,157.97,27.307,reported,t,False,insufficient_data,no_adjustment,False,,
253090,2019,CUB,2658.4,1958.953,2658.4,reported,t,False,insufficient_data,no_adjustment,False,,
253090,2019,CUW,,49.928000000000004,,missing,t,False,insufficient_data,not_applicable,False,,
253090,2019,CYM,,0.165,,missing,t,False,insufficient_data,not_applicable,False,,
253090,2019,CYP,3004.056,,3004.056,reported,t,False,insufficient_data,no_adjustment,False,,
253090,2019,CZE,,,,missing,t,False,insufficient_data,not_applicable,False,,
253090,2019,DEU,207637.153688,,207637.153688,reported,t,False,non_lithium,no_adjustment,False,,
253090,2019,DNK,0.0,,55766.826374000004,reported_partner_sum,t,False,non_lithium,unverified,True,,
253090,2019,DOM,41.789137000000004,243.411,41.789137000000004,reported,t,False,insufficient_data,no_adjustment,False,,
253090,2019,DZA,,26.453,,missing,t,False,insufficient_data,not_applicable,False,,
253090,2019,ECU,1700.13,1677.6876,1700.13,reported,t,False,insufficient_data,no_adjustment,False,,
253090,2019,EGY,87.063518,,87.063518,reported,t,False,insufficient_data,no_adjustment,False,,
253090,2019,ERI,,0.6940000000000001,,missing,t,False,insufficient_data,not_applicable,False,,
253090,2019,ESP,546650.136342,,546650.136342,reported,t,False,non_lithium,no_adjustment,False,,
253090,2019,EST,1025.9122,1142.956387,1025.9122,reported,t,False,insufficient_data,no_adjustment,False,,
253090,2019,ETH,138.0,1.508,138.0,reported,t,False,insufficient_data,no_adjustment,False,,
253090,2019,FIN,,,,missing,t,False,non_lithium,not_applicable,False,,
253090,2019,FJI,14.06796,1.86547,14.06796,reported,t,False,insufficient_data,no_adjustment,False,,
253090,2019,FLK,,0.024,,missing,t,False,insufficient_data,not_applicable,False,,
253090,2019,FRA,1347224.06968,,1347224.06968,reported,t,False,non_lithium,no_adjustment,False,,
253090,2019,FRO,,0.002,,missing,t,False,insufficient_data,not_applicable,False,,
253090,2019,GAB,0.224,1.0,0.224,reported,t,False,insufficient_data,no_adjustment,False,,
253090,2019,GBR,,,,missing,t,False,non_lithium,not_applicable,False,,
253090,2019,GEO,362.01,0.427,362.01,reported,t,False,insufficient_data,no_adjustment,False,,
253090,2019,GHA,42.5666,4.0181000000000004,42.5666,reported,t,False,insufficient_data,no_adjustment,False,,
253090,2019,GIB,,10.016,,missing,t,False,insufficient_data,not_applicable,False,,
253090,2019,GIN,,0.52,,missing,t,False,insufficient_data,not_applicable,False,,
253090,2019,GRC,68626.544,28602.36957,68626.544,reported,t,False,non_lithium,no_adjustment,False,,
253090,2019,GRL,,221.534,,missing,t,False,insufficient_data,not_applicable,False,,
253090,2019,GTM,1458.705,1390.547704,1458.705,reported,t,False,insufficient_data,no_adjustment,False,,
253090,2019,GUY,2.613,34.468,2.613,reported,t,False,insufficient_data,no_adjustment,False,,
253090,2019,HKG,307561.609,193.55919699999998,307561.609,reported,t,False,non_lithium,no_adjustment,False,,
253090,2019,HND,0.042,0.04546,0.042,reported,t,False,insufficient_data,no_adjustment,False,,
253090,2019,HRV,243.38559,2803.465,243.38559,reported,t,False,insufficient_data,no_adjustment,False,,
253090,2019,HTI,,0.002,,missing,t,False,insufficient_data,not_applicable,False,,
253090,2019,HUN,1710.1280570000001,11437.99635,1710.1280570000001,reported,t,False,insufficient_data,no_adjustment,False,,
253090,2019,IDN,99461.612,,99461.612,reported,t,False,non_lithium,no_adjustment,False,,
253090,2019,IND,57978.763,,57978.763,reported,t,False,review,no_adjustment,False,,
253090,2019,IRL,127.8,,127.8,reported,t,False,insufficient_data,no_adjustment,False,,
253090,2019,IRN,411368.792,110318.579,411368.792,reported,t,False,non_lithium,no_adjustment,False,,
253090,2019,ISL,,192.494,,missing,t,False,insufficient_data,not_applicable,False,,
253090,2019,ISR,16.916749,318.213592,16.916749,reported,t,False,insufficient_data,no_adjustment,False,,
253090,2019,ITA,73960.471,,73960.471,reported,t,False,non_lithium,no_adjustment,False,,
253090,2019,JAM,0.0165,2.682,0.0165,reported,t,False,insufficient_data,no_adjustment,False,,
253090,2019,JOR,27836.529,,27836.529,reported,t,False,non_lithium,no_adjustment,False,,
253090,2019,JPN,26186.85429,28735.487352,26186.85429,reported,t,False,non_lithium,no_adjustment,False,,
253090,2019,KAZ,416.0772,32661.502,416.0772,reported,t,False,non_lithium,no_adjustment,False,,
253090,2019,KEN,19739.045,,19739.045,reported,t,False,non_lithium,no_adjustment,False,,
253090,2019,KGZ,1.079,1.4679,1.079,reported,t,False,insufficient_data,no_adjustment,False,,
253090,2019,KHM,0.4752,,0.4752,reported,t,False,insufficient_data,no_adjustment,False,,
253090,2019,KOR,200688.94708,,200688.94708,reported,t,False,non_lithium,no_adjustment,False,,
253090,2019,KWT,10.145,0.1515,10.145,reported,t,False,insufficient_data,no_adjustment,False,,
253090,2019,LAO,0.1,951.963218,0.1,reported,t,False,insufficient_data,no_adjustment,False,,
253090,2019,LBN,42.05,,42.05,reported,t,False,insufficient_data,no_adjustment,False,,
253090,2019,LBR,,0.257,,missing,t,False,insufficient_data,not_applicable,False,,
253090,2019,LBY,,0.00272,,missing,t,False,insufficient_data,not_applicable,False,,
253090,2019,LKA,0.89955,101.272231,0.89955,reported,t,False,insufficient_data,no_adjustment,False,,
253090,2019,LSO,15.9354,3.0864000000000003,15.9354,reported,t,False,insufficient_data,no_adjustment,False,,
253090,2019,LTU,392.83847,5315.147831,392.83847,reported,t,False,insufficient_data,no_adjustment,False,,
253090,2019,LUX,5306.552,524291.95485,5306.552,reported,t,False,insufficient_data,no_adjustment,False,,
253090,2019,LVA,,4614.387754,,missing,t,False,insufficient_data,not_applicable,False,,
253090,2019,MAC,,14.65,,missing,t,False,insufficient_data,not_applicable,False,,
253090,2019,MAR,4957.38205,15105.339398,4957.38205,reported,t,False,non_lithium,no_adjustment,False,,
253090,2019,MDA,212.38,176.293,212.38,reported,t,False,insufficient_data,no_adjustment,False,,
253090,2019,MDG,1.3166300000000002,490.205616,1.3166300000000002,reported,t,False,insufficient_data,no_adjustment,False,,
253090,2019,MEX,14175.314805,,14175.314805,reported,t,False,non_lithium,no_adjustment,False,,
253090,2019,MKD,50558.115,527.792,50558.115,reported,t,False,non_lithium,no_adjustment,False,,
253090,2019,MLI,0.001,579.4692,0.001,reported,t,False,insufficient_data,no_adjustment,False,,
253090,2019,MLT,,0.092,,missing,t,False,insufficient_data,not_applicable,False,,
253090,2019,MMR,,4658.3330000000005,,missing,t,False,insufficient_data,not_applicable,False,,
253090,2019,MNE,35.55746,0.04,35.55746,reported,t,False,insufficient_data,no_adjustment,False,,
253090,2019,MNG,0.0987,12.779819999999999,0.0987,reported,t,False,insufficient_data,no_adjustment,False,,
253090,2019,MOZ,,5200.421,,missing,t,False,insufficient_data,not_applicable,False,,
253090,2019,MRT,3.98,5.676,3.98,reported,t,False,insufficient_data,no_adjustment,False,,
253090,2019,MUS,,180.0475,,missing,t,False,insufficient_data,not_applicable,False,,
253090,2019,MWI,53.27725,0.757,53.27725,reported,t,False,insufficient_data,no_adjustment,False,,
253090,2019,MYS,34722.425,52149.086391,34722.425,reported,t,False,non_lithium,no_adjustment,False,,
253090,2019,NAM,92.716899,309.33403,92.716899,reported,t,False,non_lithium,no_adjustment,False,,
253090,2019,NCL,,1.995,,missing,t,False,insufficient_data,not_applicable,False,,
253090,2019,NER,15.0,162.38799999999998,15.0,reported,t,False,insufficient_data,no_adjustment,False,,
253090,2019,NGA,27.1,4097.2985,27.1,reported,t,False,insufficient_data,no_adjustment,False,,
253090,2019,NIC,1.20898,1.9060000000000001,1.20898,reported,t,False,insufficient_data,no_adjustment,False,,
253090,2019,NLD,144338.338,,144338.338,reported,t,False,non_lithium,no_adjustment,False,,
253090,2019,NOR,9308.643,320999.524009,9308.643,reported,t,False,non_lithium,no_adjustment,False,,
253090,2019,NPL,,0.457,,missing,t,False,insufficient_data,not_applicable,False,,
253090,2019,NZL,10948.022,786.38624,10948.022,reported,t,False,non_lithium,no_adjustment,False,,
253090,2019,OMN,113.2,3320.064,113.2,reported,t,False,insufficient_data,no_adjustment,False,,
253090,2019,PAK,49.0,,49.0,reported,t,False,insufficient_data,no_adjustment,False,,
253090,2019,PAN,,0.296,,missing,t,False,insufficient_data,not_applicable,False,,
253090,2019,PER,313.31158,3141.2386180000003,313.31158,reported,t,False,non_lithium,no_adjustment,False,,
253090,2019,PHL,3556.55056,,3556.55056,reported,t,False,insufficient_data,no_adjustment,False,,
253090,2019,PNG,21.766,15.82585,21.766,reported,t,False,insufficient_data,no_adjustment,False,,
253090,2019,POL,3019.988814,,3019.988814,reported,t,False,non_lithium,no_adjustment,False,,
253090,2019,PRT,1975.041,2462.38508,1975.041,reported,t,False,insufficient_data,no_adjustment,False,,
253090,2019,PYF,0.016,0.061,0.016,reported,t,False,insufficient_data,no_adjustment,False,,
253090,2019,QAT,,3.217,,missing,t,False,insufficient_data,not_applicable,False,,
253090,2019,ROU,1931.340199,20994.332000000002,1931.340199,reported,t,False,insufficient_data,no_adjustment,False,,
253090,2019,RUS,397140.7308,203085.363676,397140.7308,reported,t,False,non_lithium,no_adjustment,False,,
253090,2019,RWA,33.53064,1.383,33.53064,reported,t,False,insufficient_data,no_adjustment,False,,
253090,2019,SAU,229.28749,704.62126,229.28749,reported,t,False,insufficient_data,no_adjustment,False,,
253090,2019,SDN,,,,missing,t,False,insufficient_data,not_applicable,False,,
253090,2019,SEN,849.604,27297.287999999997,849.604,reported,t,False,insufficient_data,no_adjustment,False,,
253090,2019,SGP,204.633131,9336.60524,204.633131,reported,t,False,insufficient_data,no_adjustment,False,,
253090,2019,SHN,,1.384,,missing,t,False,insufficient_data,not_applicable,False,,
253090,2019,SLB,,4.637,,missing,t,False,insufficient_data,not_applicable,False,,
253090,2019,SLE,,1.685,,missing,t,False,non_lithium,not_applicable,False,,
253090,2019,SLV,,0.004,,missing,t,False,insufficient_data,not_applicable,False,,
253090,2019,SMR,,68.7,,missing,t,False,insufficient_data,not_applicable,False,,
253090,2019,SOM,,288.43608,,missing,t,False,insufficient_data,not_applicable,False,,
253090,2019,SRB,243.809,412.5227,243.809,reported,t,False,insufficient_data,no_adjustment,False,,
253090,2019,SUR,2.52168,4.655,2.52168,reported,t,False,insufficient_data,no_adjustment,False,,
253090,2019,SVK,185936.512,104137.72225,185936.512,reported,t,False,non_lithium,no_adjustment,False,,
253090,2019,SVN,506.48915999999997,2619.746979,506.48915999999997,reported,t,False,insufficient_data,no_adjustment,False,,
253090,2019,SWE,91422.69010400001,69449.705941,91422.69010400001,reported,t,False,non_lithium,no_adjustment,False,,
253090,2019,TCD,,693.846,,missing,t,False,insufficient_data,not_applicable,False,,
253090,2019,TGO,,2.709,,missing,t,False,insufficient_data,not_applicable,False,,
253090,2019,THA,,12058.644689,,missing,t,False,lithium,not_applicable,False,,
253090,2019,TJK,,1.0567,,missing,t,False,insufficient_data,not_applicable,False,,
253090,2019,TKM,,73070.69,,missing,t,False,insufficient_data,not_applicable,False,,
253090,2019,TLS,0.1195,0.008,0.1195,reported,t,False,insufficient_data,no_adjustment,False,,
253090,2019,TON,0.301,,0.301,reported,t,False,insufficient_data,no_adjustment,False,,
253090,2019,TTO,18.163,133.28906,18.163,reported,t,False,insufficient_data,no_adjustment,False,,
253090,2019,TUN,,1.392,,missing,t,False,insufficient_data,not_applicable,False,,
253090,2019,TUR,307297.634,,307297.634,reported,t,False,non_lithium,no_adjustment,False,,
253090,2019,TZA,3.9491199999999997,28.138179,3.9491199999999997,reported,t,False,insufficient_data,no_adjustment,False,,
253090,2019,UGA,16.956,190.83672,16.956,reported,t,False,insufficient_data,no_adjustment,False,,
253090,2019,UKR,10382.743199999999,,10382.743199999999,reported,t,False,non_lithium,no_adjustment,False,,
253090,2019,URY,,70.720221,,missing,t,False,insufficient_data,not_applicable,False,,
253090,2019,USA,157043.679832,,157043.679832,reported,t,False,non_lithium,no_adjustment,False,,
253090,2019,UZB,71.69,8.041,71.69,reported,t,False,insufficient_data,no_adjustment,False,,
253090,2019,VCT,4500.0,0.011,4500.0,reported,t,False,insufficient_data,no_adjustment,False,,
253090,2019,VNM,330.422958,918064.4859999999,330.422958,reported,t,False,insufficient_data,no_adjustment,False,,
253090,2019,VUT,,2.0,,missing,t,False,insufficient_data,not_applicable,False,,
253090,2019,WSM,0.0035,,0.0035,reported,t,False,insufficient_data,no_adjustment,False,,
253090,2019,YEM,,2.064,,missing,t,False,insufficient_data,not_applicable,False,,
253090,2019,ZAF,375.41686,,375.41686,reported,t,False,non_lithium,no_adjustment,False,,
253090,2019,ZMB,0.9948769999999999,117.55160000000001,0.9948769999999999,reported,t,False,non_lithium,no_adjustment,False,,
253090,2019,ZWE,64194.3774,75712.04877000001,64194.3774,reported,t,True,lithium,no_adjustment,False,,
253090,2020,ABW,0.064,,0.064,reported,t,False,insufficient_data,no_adjustment,False,,
253090,2020,AFG,,296.776428,,missing,t,False,insufficient_data,not_applicable,False,,
253090,2020,AGO,0.0955,0.599,0.0955,reported,t,False,insufficient_data,no_adjustment,False,,
253090,2020,ALB,,0.01,,missing,t,False,insufficient_data,not_applicable,False,,
253090,2020,AND,496.74,,496.74,reported,t,False,insufficient_data,no_adjustment,False,,
253090,2020,ARE,204789.13275999998,370470.611248,204789.13275999998,reported,t,False,non_lithium,no_adjustment,False,,
253090,2020,ARG,6212.6,2823.57948,6212.6,reported,t,False,insufficient_data,no_adjustment,False,,
253090,2020,ARM,332.0095,320.208241,332.0095,reported,t,False,insufficient_data,no_adjustment,False,,
253090,2020,ATA,,0.009000000000000001,,missing,t,False,insufficient_data,not_applicable,False,,
253090,2020,AUS,1585326.04948,,1585326.04948,reported,t,True,lithium,no_adjustment,False,,
253090,2020,AUT,83606.687,,83606.687,reported,t,False,non_lithium,no_adjustment,False,,
253090,2020,AZE,3.1161,6.758,3.1161,reported,t,False,insufficient_data,no_adjustment,False,,
253090,2020,BDI,0.148,375.005,0.148,reported,t,False,insufficient_data,no_adjustment,False,,
253090,2020,BEL,45184.73754,116885.517965,45184.73754,reported,t,False,non_lithium,no_adjustment,False,,
253090,2020,BEN,,0.009775,,missing,t,False,insufficient_data,not_applicable,False,,
253090,2020,BFA,,4.01723,,missing,t,False,insufficient_data,not_applicable,False,,
253090,2020,BGR,3329.422,5399.0491,3329.422,reported,t,False,insufficient_data,no_adjustment,False,,
253090,2020,BHR,27.108,14.1516,27.108,reported,t,False,non_lithium,no_adjustment,False,,
253090,2020,BHS,1.0,29344.041999999998,1.0,reported,t,False,insufficient_data,no_adjustment,False,,
253090,2020,BIH,1814.8552,1695.2062,1814.8552,reported,t,False,insufficient_data,no_adjustment,False,,
253090,2020,BLR,6683.39,181098.77519400002,6683.39,reported,t,False,insufficient_data,no_adjustment,False,,
253090,2020,BMU,,0.004,,missing,t,False,insufficient_data,not_applicable,False,,
253090,2020,BOL,0.066,183.9224,0.066,reported,t,False,insufficient_data,no_adjustment,False,,
253090,2020,BRA,74753.606,48608.14484,74753.606,reported,t,True,lithium,no_adjustment,False,,
253090,2020,BRN,0.05,,0.05,reported,t,False,insufficient_data,no_adjustment,False,,
253090,2020,BTN,111.17,0.007,111.17,reported,t,False,insufficient_data,no_adjustment,False,,
253090,2020,BWA,0.079,0.053,0.079,reported,t,False,insufficient_data,no_adjustment,False,,
253090,2020,CAN,197920.746,200946.165768,197920.746,reported,t,False,non_lithium,no_adjustment,False,,
253090,2020,CHE,0.0,2765368.627963,2535754.070964,reported_partner_sum,t,False,non_lithium,unverified,True,,
253090,2020,CHL,9815.389,8492.381854,9815.389,reported,t,False,non_lithium,no_adjustment,False,,
253090,2020,CHN,1140032.694741,,1140032.694741,reported,t,False,non_lithium,no_adjustment,False,,
253090,2020,CIV,167.592,173.32219999999998,167.592,reported,t,False,insufficient_data,no_adjustment,False,,
253090,2020,CMR,18.877,175.6105,18.877,reported,t,False,insufficient_data,no_adjustment,False,,
253090,2020,COD,0.658,,0.658,reported,t,False,insufficient_data,no_adjustment,False,,
253090,2020,COG,,2.417,,missing,t,False,insufficient_data,not_applicable,False,,
253090,2020,COL,1403.3317,436.27538000000004,1403.3317,reported,t,False,insufficient_data,no_adjustment,False,,
253090,2020,CRI,17.635,,17.635,reported,t,False,insufficient_data,no_adjustment,False,,
253090,2020,CUB,1788.4,1152.353,1788.4,reported,t,False,insufficient_data,no_adjustment,False,,
253090,2020,CUW,0.9,0.314,0.9,reported,t,False,insufficient_data,no_adjustment,False,,
253090,2020,CYP,3017.09,2626.975,3017.09,reported,t,False,insufficient_data,no_adjustment,False,,
253090,2020,CZE,0.0,,7671.077797,reported_partner_sum,t,False,insufficient_data,unverified,True,,
253090,2020,DEU,201180.958882,,201180.958882,reported,t,False,non_lithium,no_adjustment,False,,
253090,2020,DNK,59036.348983,3472.284951,59036.348983,reported,t,False,non_lithium,no_adjustment,False,,
253090,2020,DOM,8.97231,5.018366,8.97231,reported,t,False,insufficient_data,no_adjustment,False,,
253090,2020,DZA,,10.796699,,missing,t,False,insufficient_data,not_applicable,False,,
253090,2020,ECU,1175.51021,1210.626308,1175.51021,reported,t,False,insufficient_data,no_adjustment,False,,
253090,2020,EGY,10.541411,12971.957,10.541411,reported,t,False,insufficient_data,no_adjustment,False,,
253090,2020,ERI,,0.005,,missing,t,False,insufficient_data,not_applicable,False,,
253090,2020,ESH,,6600.0,,missing,t,False,insufficient_data,not_applicable,False,,
253090,2020,ESP,504657.80884899996,,504657.80884899996,reported,t,False,non_lithium,no_adjustment,False,,
253090,2020,EST,328.59040000000005,73.205083,328.59040000000005,reported,t,False,insufficient_data,no_adjustment,False,,
253090,2020,ETH,,17.715533,,missing,t,False,insufficient_data,not_applicable,False,,
253090,2020,FIN,9030.13537,,9030.13537,reported,t,False,non_lithium,no_adjustment,False,,
253090,2020,FJI,19.59143,0.093,19.59143,reported,t,False,insufficient_data,no_adjustment,False,,
253090,2020,FLK,,3.82,,missing,t,False,insufficient_data,not_applicable,False,,
253090,2020,FRA,1294286.363428,1286697.6813410001,1294286.363428,reported,t,False,non_lithium,no_adjustment,False,,
253090,2020,GAB,,0.027,,missing,t,False,insufficient_data,not_applicable,False,,
253090,2020,GBR,6904.141,16733.45418,6904.141,reported,t,False,non_lithium,no_adjustment,False,,
253090,2020,GEO,,9.37324,,missing,t,False,insufficient_data,not_applicable,False,,
253090,2020,GHA,,2.34678,,missing,t,False,insufficient_data,not_applicable,False,,
253090,2020,GIB,,0.868,,missing,t,False,insufficient_data,not_applicable,False,,
253090,2020,GIN,,1.706,,missing,t,False,insufficient_data,not_applicable,False,,
253090,2020,GRC,65202.35,42041.18783,65202.35,reported,t,False,non_lithium,no_adjustment,False,,
253090,2020,GRL,,328.882,,missing,t,False,insufficient_data,not_applicable,False,,
253090,2020,GTM,72.03,65.991512,72.03,reported,t,False,insufficient_data,no_adjustment,False,,
253090,2020,GUY,3.2,7.1739999999999995,3.2,reported,t,False,insufficient_data,no_adjustment,False,,
253090,2020,HKG,1028697.377,176.514442,1028697.377,reported,t,False,non_lithium,no_adjustment,False,,
253090,2020,HND,,0.042,,missing,t,False,insufficient_data,not_applicable,False,,
253090,2020,HRV,471.04624,218.22272,471.04624,reported,t,False,insufficient_data,no_adjustment,False,,
253090,2020,HUN,1890.441,5345.92799,1890.441,reported,t,False,insufficient_data,no_adjustment,False,,
253090,2020,IDN,45158.2684,58905.845023,45158.2684,reported,t,False,non_lithium,no_adjustment,False,,
253090,2020,IND,44993.147876999996,,44993.147876999996,reported,t,False,review,no_adjustment,False,,
253090,2020,IRL,74.458,320.218,74.458,reported,t,False,insufficient_data,no_adjustment,False,,
253090,2020,IRN,463419.544,18416.411,463419.544,reported,t,False,non_lithium,no_adjustment,False,,
253090,2020,IRQ,,2.174,,missing,t,False,insufficient_data,not_applicable,False,,
253090,2020,ISL,,188.023,,missing,t,False,insufficient_data,not_applicable,False,,
253090,2020,ISR,128.866811,1528.413977,128.866811,reported,t,False,insufficient_data,no_adjustment,False,,
253090,2020,ITA,72409.972,,72409.972,reported,t,False,non_lithium,no_adjustment,False,,
253090,2020,JAM,,4.38,,missing,t,False,insufficient_data,not_applicable,False,,
253090,2020,JOR,0.0,2462.242,451.816412,reported_partner_sum,t,False,non_lithium,unverified,True,,
253090,2020,JPN,35997.682174,,35997.682174,reported,t,False,non_lithium,no_adjustment,False,,
253090,2020,KAZ,2576.916,22714.225,2576.916,reported,t,False,non_lithium,no_adjustment,False,,
253090,2020,KEN,28868.546,21851.1399,28868.546,reported,t,False,non_lithium,no_adjustment,False,,
253090,2020,KGZ,40.951,187.39000000000001,40.951,reported,t,False,insufficient_data,no_adjustment,False,,
253090,2020,KHM,0.949,,0.949,reported,t,False,insufficient_data,no_adjustment,False,,
253090,2020,KOR,155939.39655,,155939.39655,reported,t,False,non_lithium,no_adjustment,False,,
253090,2020,KWT,0.0,81.024,151.746,reported_partner_sum,t,False,insufficient_data,unverified,True,,
253090,2020,LAO,,355.318,,missing,t,False,insufficient_data,not_applicable,False,,
253090,2020,LBN,7.009,3.55069,7.009,reported,t,False,insufficient_data,no_adjustment,False,,
253090,2020,LBR,,0.237,,missing,t,False,insufficient_data,not_applicable,False,,
253090,2020,LCA,,0.003,,missing,t,False,insufficient_data,not_applicable,False,,
253090,2020,LKA,,94.703,,missing,t,False,insufficient_data,not_applicable,False,,
253090,2020,LSO,0.055,,0.055,reported,t,False,insufficient_data,no_adjustment,False,,
253090,2020,LTU,,2669.80961,,missing,t,False,insufficient_data,not_applicable,False,,
253090,2020,LUX,4279.782225999999,593795.534,4279.782225999999,reported,t,False,insufficient_data,no_adjustment,False,,
253090,2020,LVA,,4112.212975,,missing,t,False,insufficient_data,not_applicable,False,,
253090,2020,MAC,,0.007,,missing,t,False,insufficient_data,not_applicable,False,,
253090,2020,MAR,5514.32583,6034.815816,5514.32583,reported,t,False,non_lithium,no_adjustment,False,,
253090,2020,MDA,0.586,0.324,0.586,reported,t,False,insufficient_data,no_adjustment,False,,
253090,2020,MDG,4.11196,431.433966,4.11196,reported,t,False,insufficient_data,no_adjustment,False,,
253090,2020,MDV,,0.055,,missing,t,False,insufficient_data,not_applicable,False,,
253090,2020,MEX,13104.406642999998,,13104.406642999998,reported,t,False,non_lithium,no_adjustment,False,,
253090,2020,MKD,40004.303,539.021,40004.303,reported,t,False,non_lithium,no_adjustment,False,,
253090,2020,MLI,0.725,1.61993,0.725,reported,t,False,insufficient_data,no_adjustment,False,,
253090,2020,MLT,,0.056999999999999995,,missing,t,False,insufficient_data,not_applicable,False,,
253090,2020,MMR,0.2,13527.113,0.2,reported,t,False,insufficient_data,no_adjustment,False,,
253090,2020,MNE,3.8362800000000004,,3.8362800000000004,reported,t,False,insufficient_data,no_adjustment,False,,
253090,2020,MNG,,81.555592,,missing,t,False,insufficient_data,not_applicable,False,,
253090,2020,MOZ,1.248,867.22743,1.248,reported,t,False,insufficient_data,no_adjustment,False,,
253090,2020,MRT,0.211,3950.026662,0.211,reported,t,False,insufficient_data,no_adjustment,False,,
253090,2020,MUS,,105.2243,,missing,t,False,insufficient_data,not_applicable,False,,
253090,2020,MWI,15.327,0.91246,15.327,reported,t,False,insufficient_data,no_adjustment,False,,
253090,2020,MYS,32280.283,75037.971949,32280.283,reported,t,False,non_lithium,no_adjustment,False,,
253090,2020,NAM,58.51507,221.96688,58.51507,reported,t,False,non_lithium,no_adjustment,False,,
253090,2020,NCL,,0.004,,missing,t,False,insufficient_data,not_applicable,False,,
253090,2020,NER,0.012,21.2,0.012,reported,t,False,insufficient_data,no_adjustment,False,,
253090,2020,NGA,75.0,2622.53453,75.0,reported,t,False,insufficient_data,no_adjustment,False,,
253090,2020,NIC,23.82345,12.35,23.82345,reported,t,False,insufficient_data,no_adjustment,False,,
253090,2020,NLD,114060.617,,114060.617,reported,t,False,non_lithium,no_adjustment,False,,
253090,2020,NOR,19216.12,237792.740635,19216.12,reported,t,False,non_lithium,no_adjustment,False,,
253090,2020,NPL,,0.003,,missing,t,False,insufficient_data,not_applicable,False,,
253090,2020,NZL,10216.936,420.38725,10216.936,reported,t,False,non_lithium,no_adjustment,False,,
253090,2020,OMN,264.689,,264.689,reported,t,False,insufficient_data,no_adjustment,False,,
253090,2020,PAK,64.0,1759.5013959999999,64.0,reported,t,False,insufficient_data,no_adjustment,False,,
253090,2020,PAN,,0.025,,missing,t,False,insufficient_data,not_applicable,False,,
253090,2020,PER,1115.70129,2408.952055,1115.70129,reported,t,False,non_lithium,no_adjustment,False,,
253090,2020,PHL,4952.6753,1582.8629,4952.6753,reported,t,False,insufficient_data,no_adjustment,False,,
253090,2020,PNG,1.537,0.777,1.537,reported,t,False,insufficient_data,no_adjustment,False,,
253090,2020,POL,8562.37001,,8562.37001,reported,t,False,non_lithium,no_adjustment,False,,
253090,2020,PRT,1618.494,317.88355,1618.494,reported,t,False,insufficient_data,no_adjustment,False,,
253090,2020,PRY,,0.036,,missing,t,False,insufficient_data,not_applicable,False,,
253090,2020,PSE,,2.829,,missing,t,False,insufficient_data,not_applicable,False,,
253090,2020,PYF,0.2265,0.15,0.2265,reported,t,False,insufficient_data,no_adjustment,False,,
253090,2020,QAT,,3.13212,,missing,t,False,insufficient_data,not_applicable,False,,
253090,2020,ROU,1458.425709,1519.9952420000002,1458.425709,reported,t,False,insufficient_data,no_adjustment,False,,
253090,2020,RUS,326766.188135,183840.972637,326766.188135,reported,t,False,non_lithium,no_adjustment,False,,
253090,2020,RWA,,193.29299999999998,,missing,t,False,insufficient_data,not_applicable,False,,
253090,2020,SAU,8353.1,1905.735844,8353.1,reported,t,False,insufficient_data,no_adjustment,False,,
253090,2020,SDN,,,,missing,t,False,insufficient_data,not_applicable,False,,
253090,2020,SEN,0.14,10110.658,0.14,reported,t,False,insufficient_data,no_adjustment,False,,
253090,2020,SGP,69.456211,735.997119,69.456211,reported,t,False,insufficient_data,no_adjustment,False,,
253090,2020,SLE,,0.0015,,missing,t,False,non_lithium,not_applicable,False,,
253090,2020,SLV,0.0024,,0.0024,reported,t,False,insufficient_data,no_adjustment,False,,
253090,2020,SMR,,0.18,,missing,t,False,insufficient_data,not_applicable,False,,
253090,2020,SOM,,324.933,,missing,t,False,insufficient_data,not_applicable,False,,
253090,2020,SRB,219.331,495.5873,219.331,reported,t,False,insufficient_data,no_adjustment,False,,
253090,2020,SUR,0.189,11.172179999999999,0.189,reported,t,False,insufficient_data,no_adjustment,False,,
253090,2020,SVK,175308.685,103153.22459299999,175308.685,reported,t,False,non_lithium,no_adjustment,False,,
253090,2020,SVN,432.41011,1197.345803,432.41011,reported,t,False,insufficient_data,no_adjustment,False,,
253090,2020,SWE,0.0,60320.3785,25338.161396,reported_partner_sum,t,False,non_lithium,unverified,True,,
253090,2020,SYR,,1.0,,missing,t,False,insufficient_data,not_applicable,False,,
253090,2020,TCD,,448.0249,,missing,t,False,insufficient_data,not_applicable,False,,
253090,2020,TGO,,0.491,,missing,t,False,insufficient_data,not_applicable,False,,
253090,2020,THA,15072.013,13791.267335,15072.013,reported,t,True,lithium,no_adjustment,False,,
253090,2020,TJK,,0.631,,missing,t,False,insufficient_data,not_applicable,False,,
253090,2020,TKM,,13515.12,,missing,t,False,insufficient_data,not_applicable,False,,
253090,2020,TTO,39.848,50.733000000000004,39.848,reported,t,False,insufficient_data,no_adjustment,False,,
253090,2020,TUN,0.011,2.57,0.011,reported,t,False,insufficient_data,no_adjustment,False,,
253090,2020,TUR,294014.028,,294014.028,reported,t,False,non_lithium,no_adjustment,False,,
253090,2020,TZA,0.8276100000000001,1.0835400000000002,0.8276100000000001,reported,t,False,insufficient_data,no_adjustment,False,,
253090,2020,UGA,45.804,10.80771,45.804,reported,t,False,insufficient_data,no_adjustment,False,,
253090,2020,UKR,9029.8545,8776.075321,9029.8545,reported,t,False,non_lithium,no_adjustment,False,,
253090,2020,URY,0.254,164.19699999999997,0.254,reported,t,False,insufficient_data,no_adjustment,False,,
253090,2020,USA,0.0,,123574.57800000001,reported_partner_sum,t,False,non_lithium,unverified,True,,
253090,2020,UZB,193.33,23.959,193.33,reported,t,False,insufficient_data,no_adjustment,False,,
253090,2020,VCT,907.185,,907.185,reported,t,False,insufficient_data,no_adjustment,False,,
253090,2020,VEN,,0.149,,missing,t,False,insufficient_data,not_applicable,False,,
253090,2020,VGB,,0.025,,missing,t,False,insufficient_data,not_applicable,False,,
253090,2020,VNM,1523.279129,,1523.279129,reported,t,False,insufficient_data,no_adjustment,False,,
253090,2020,YEM,,46.0,,missing,t,False,insufficient_data,not_applicable,False,,
253090,2020,ZAF,118.95873,55320.348625,118.95873,reported,t,False,non_lithium,no_adjustment,False,,
253090,2020,ZMB,1.098071,176.759882,1.098071,reported,t,False,non_lithium,no_adjustment,False,,
253090,2020,ZWE,14109.22202,24001.711710000003,14109.22202,reported,t,True,lithium,no_adjustment,False,,
253090,2021,ABW,0.032,,0.032,reported,t,False,insufficient_data,no_adjustment,False,,
253090,2021,AFG,,386.416193,,missing,t,False,insufficient_data,not_applicable,False,,
253090,2021,AGO,1134.783,9.855,1134.783,reported,t,False,insufficient_data,no_adjustment,False,,
253090,2021,ALB,,0.008,,missing,t,False,insufficient_data,not_applicable,False,,
253090,2021,AND,405.88,,405.88,reported,t,False,insufficient_data,no_adjustment,False,,
253090,2021,ARE,432705.20935,541295.166601,432705.20935,reported,t,False,non_lithium,no_adjustment,False,,
253090,2021,ARG,1052.04,6838.2278,1052.04,reported,t,False,insufficient_data,no_adjustment,False,,
253090,2021,ARM,373.323,397.717937,373.323,reported,t,False,insufficient_data,no_adjustment,False,,
253090,2021,ATA,,0.015,,missing,t,False,insufficient_data,not_applicable,False,,
253090,2021,ATG,,0.01,,missing,t,False,insufficient_data,not_applicable,False,,
253090,2021,AUS,2016349.3983,1942223.97495,2016349.3983,reported,t,True,lithium,no_adjustment,False,,
253090,2021,AUT,80235.947755,46541.852348,80235.947755,reported,t,False,non_lithium,no_adjustment,False,,
253090,2021,AZE,0.2,11003.787,0.2,reported,t,False,insufficient_data,no_adjustment,False,,
253090,2021,BDI,,150.0,,missing,t,False,insufficient_data,not_applicable,False,,
253090,2021,BEL,80097.70577,,80097.70577,reported,t,False,non_lithium,no_adjustment,False,,
253090,2021,BEN,,0.014,,missing,t,False,insufficient_data,not_applicable,False,,
253090,2021,BFA,0.776,25.015,0.776,reported,t,False,insufficient_data,no_adjustment,False,,
253090,2021,BGD,,13.618,,missing,t,False,insufficient_data,not_applicable,False,,
253090,2021,BGR,2123.475,5115.182741,2123.475,reported,t,False,insufficient_data,no_adjustment,False,,
253090,2021,BHR,4.746,5.684,4.746,reported,t,False,non_lithium,no_adjustment,False,,
253090,2021,BHS,43.0,32953.752,43.0,reported,t,False,insufficient_data,no_adjustment,False,,
253090,2021,BIH,1867.32,1724.029,1867.32,reported,t,False,insufficient_data,no_adjustment,False,,
253090,2021,BLR,10430.065,213582.19437,10430.065,reported,t,False,insufficient_data,no_adjustment,False,,
253090,2021,BLZ,,0.118,,missing,t,False,insufficient_data,not_applicable,False,,
253090,2021,BMU,,0.028,,missing,t,False,insufficient_data,not_applicable,False,,
253090,2021,BOL,0.487,197.471,0.487,reported,t,False,insufficient_data,no_adjustment,False,,
253090,2021,BRA,103917.905,127883.85444000001,103917.905,reported,t,True,lithium,no_adjustment,False,,
253090,2021,BRB,,0.006,,missing,t,False,insufficient_data,not_applicable,False,,
253090,2021,BRN,,0.267,,missing,t,False,insufficient_data,not_applicable,False,,
253090,2021,BWA,1.9915,12.8156,1.9915,reported,t,False,insufficient_data,no_adjustment,False,,
253090,2021,CAN,192608.444,197528.32391,192608.444,reported,t,False,non_lithium,no_adjustment,False,,
253090,2021,CHE,2576863.026583,2461638.611357,2576863.026583,reported,t,False,non_lithium,no_adjustment,False,,
253090,2021,CHL,13991.498,6892.272523000001,13991.498,reported,t,False,non_lithium,no_adjustment,False,,
253090,2021,CHN,1243653.933,974776.05132,1243653.933,reported,t,False,non_lithium,no_adjustment,False,,
253090,2021,CIV,42.749,52.7452,42.749,reported,t,False,insufficient_data,no_adjustment,False,,
253090,2021,CMR,2.54,82.65526299999999,2.54,reported,t,False,insufficient_data,no_adjustment,False,,
253090,2021,COD,3.39,42.2535,3.39,reported,t,False,insufficient_data,no_adjustment,False,,
253090,2021,COG,0.029,12.8903,0.029,reported,t,False,insufficient_data,no_adjustment,False,,
253090,2021,COL,1152.23181,794.4815570000001,1152.23181,reported,t,False,insufficient_data,no_adjustment,False,,
253090,2021,CPV,6000.0,0.0215,6000.0,reported,t,False,insufficient_data,no_adjustment,False,,
253090,2021,CRI,12.833309999999999,8.377353,12.833309999999999,reported,t,False,insufficient_data,no_adjustment,False,,
253090,2021,CUB,1492.018525,664.388,1492.018525,reported,t,False,insufficient_data,no_adjustment,False,,
253090,2021,CUW,,110.069,,missing,t,False,insufficient_data,not_applicable,False,,
253090,2021,CYP,3451.566,3524.033978,3451.566,reported,t,False,insufficient_data,no_adjustment,False,,
253090,2021,CZE,0.0,,28182.603705,reported_partner_sum,t,False,insufficient_data,unverified,True,,
253090,2021,DEU,209938.952354,,209938.952354,reported,t,False,non_lithium,no_adjustment,False,,
253090,2021,DJI,1191.564,,1191.564,reported,t,False,insufficient_data,no_adjustment,False,,
253090,2021,DMA,0.002,,0.002,reported,t,False,insufficient_data,no_adjustment,False,,
253090,2021,DNK,20371.15,43518.394161,20371.15,reported,t,False,non_lithium,no_adjustment,False,,
253090,2021,DOM,14.616171,6.037335,14.616171,reported,t,False,insufficient_data,no_adjustment,False,,
253090,2021,DZA,,11.821551,,missing,t,False,insufficient_data,not_applicable,False,,
253090,2021,ECU,1685.29865,1483.6525700000002,1685.29865,reported,t,False,insufficient_data,no_adjustment,False,,
253090,2021,EGY,71.576744,12953.784789,71.576744,reported,t,False,insufficient_data,no_adjustment,False,,
253090,2021,ERI,,0.598,,missing,t,False,insufficient_data,not_applicable,False,,
253090,2021,ESH,,12000.0,,missing,t,False,insufficient_data,not_applicable,False,,
253090,2021,ESP,710796.9808250001,682181.441271,710796.9808250001,reported,t,False,non_lithium,no_adjustment,False,,
253090,2021,EST,249.5372,295.1279,249.5372,reported,t,False,insufficient_data,no_adjustment,False,,
253090,2021,ETH,,1.306,,missing,t,False,insufficient_data,not_applicable,False,,
253090,2021,FIN,12178.198408,17505.678233,12178.198408,reported,t,False,non_lithium,no_adjustment,False,,
253090,2021,FJI,22.57764,0.4,22.57764,reported,t,False,insufficient_data,no_adjustment,False,,
253090,2021,FLK,,7.83,,missing,t,False,insufficient_data,not_applicable,False,,
253090,2021,FRA,1224016.189883,1162022.069859,1224016.189883,reported,t,False,non_lithium,no_adjustment,False,,
253090,2021,GAB,,96.2119,,missing,t,False,insufficient_data,not_applicable,False,,
253090,2021,GBR,45335.774633,10286.006957,45335.774633,reported,t,False,non_lithium,no_adjustment,False,,
253090,2021,GEO,267.894,1749.769,267.894,reported,t,False,insufficient_data,no_adjustment,False,,
253090,2021,GHA,20.222,2.24857,20.222,reported,t,False,insufficient_data,no_adjustment,False,,
253090,2021,GIB,,2.174,,missing,t,False,insufficient_data,not_applicable,False,,
253090,2021,GIN,,5.2,,missing,t,False,insufficient_data,not_applicable,False,,
253090,2021,GNQ,,0.24,,missing,t,False,insufficient_data,not_applicable,False,,
253090,2021,GRC,60335.418,47342.129115,60335.418,reported,t,False,non_lithium,no_adjustment,False,,
253090,2021,GRL,,450.16,,missing,t,False,insufficient_data,not_applicable,False,,
253090,2021,GTM,3393.204,3304.07735,3393.204,reported,t,False,insufficient_data,no_adjustment,False,,
253090,2021,GUY,,30.518,,missing,t,False,insufficient_data,not_applicable,False,,
253090,2021,HKG,1416149.026,281.882957,1416149.026,reported,t,False,non_lithium,no_adjustment,False,,
253090,2021,HND,0.08356,1.220669,0.08356,reported,t,False,insufficient_data,no_adjustment,False,,
253090,2021,HRV,117.06202,171.94672,117.06202,reported,t,False,insufficient_data,no_adjustment,False,,
253090,2021,HUN,1540.9627890000002,5037.5448,1540.9627890000002,reported,t,False,insufficient_data,no_adjustment,False,,
253090,2021,IDN,53643.1492,62108.820863,53643.1492,reported,t,False,non_lithium,no_adjustment,False,,
253090,2021,IND,51665.064,36838.974286,51665.064,reported,t,False,review,no_adjustment,False,,
253090,2021,IRL,75.858,447.834113,75.858,reported,t,False,insufficient_data,no_adjustment,False,,
253090,2021,IRN,624761.925,8407.63008,624761.925,reported,t,False,non_lithium,no_adjustment,False,,
253090,2021,IRQ,,0.023,,missing,t,False,insufficient_data,not_applicable,False,,
253090,2021,ISL,1.903969,147.954287,1.903969,reported,t,False,insufficient_data,no_adjustment,False,,
253090,2021,ISR,4.555359999999999,1274.2192380000001,4.555359999999999,reported,t,False,insufficient_data,no_adjustment,False,,
253090,2021,ITA,81836.893,55692.308108,81836.893,reported,t,False,non_lithium,no_adjustment,False,,
253090,2021,JAM,0.002,1.9309999999999998,0.002,reported,t,False,insufficient_data,no_adjustment,False,,
253090,2021,JOR,579.0348710000001,3160.833732,579.0348710000001,reported,t,False,non_lithium,no_adjustment,False,,
253090,2021,JPN,40442.046206,45009.962955999996,40442.046206,reported,t,False,non_lithium,no_adjustment,False,,
253090,2021,KAZ,1834.072,24174.455042,1834.072,reported,t,False,non_lithium,no_adjustment,False,,
253090,2021,KEN,29619.133,13536.170463,29619.133,reported,t,False,non_lithium,no_adjustment,False,,
253090,2021,KGZ,225.332,21.611975,225.332,reported,t,False,insufficient_data,no_adjustment,False,,
253090,2021,KHM,15.5765,,15.5765,reported,t,False,insufficient_data,no_adjustment,False,,
253090,2021,KOR,157891.789379,93541.60320700001,157891.789379,reported,t,False,non_lithium,no_adjustment,False,,
253090,2021,KWT,0.951,0.194,0.951,reported,t,False,insufficient_data,no_adjustment,False,,
253090,2021,LAO,,860.1279999999999,,missing,t,False,insufficient_data,not_applicable,False,,
253090,2021,LBN,4.45,51.964,4.45,reported,t,False,insufficient_data,no_adjustment,False,,
253090,2021,LBR,,10.645999999999999,,missing,t,False,insufficient_data,not_applicable,False,,
253090,2021,LBY,,4.258164,,missing,t,False,insufficient_data,not_applicable,False,,
253090,2021,LKA,24.49513,91.173262,24.49513,reported,t,False,insufficient_data,no_adjustment,False,,
253090,2021,LSO,10.156,0.44958,10.156,reported,t,False,insufficient_data,no_adjustment,False,,
253090,2021,LTU,627.7240300000001,1372.6551160000001,627.7240300000001,reported,t,False,insufficient_data,no_adjustment,False,,
253090,2021,LUX,2699.5343700000003,628770.116,2699.5343700000003,reported,t,False,insufficient_data,no_adjustment,False,,
253090,2021,LVA,281.585,4628.598371,281.585,reported,t,False,insufficient_data,no_adjustment,False,,
253090,2021,MAC,0.02,,0.02,reported,t,False,insufficient_data,no_adjustment,False,,
253090,2021,MAR,7047.687979,9181.932661,7047.687979,reported,t,False,non_lithium,no_adjustment,False,,
253090,2021,MDA,,0.001,,missing,t,False,insufficient_data,not_applicable,False,,
253090,2021,MDG,37.64607,225.896648,37.64607,reported,t,False,insufficient_data,no_adjustment,False,,
253090,2021,MDV,,0.226,,missing,t,False,insufficient_data,not_applicable,False,,
253090,2021,MEX,,172613.925342,,missing,t,False,non_lithium,not_applicable,False,,
253090,2021,MKD,48283.804,287.608,48283.804,reported,t,False,non_lithium,no_adjustment,False,,
253090,2021,MLI,4.94,378.5345,4.94,reported,t,False,insufficient_data,no_adjustment,False,,
253090,2021,MLT,,20.918937999999997,,missing,t,False,insufficient_data,not_applicable,False,,
253090,2021,MMR,,8355.1985,,missing,t,False,insufficient_data,not_applicable,False,,
253090,2021,MNE,26.62935,224.103,26.62935,reported,t,False,insufficient_data,no_adjustment,False,,
253090,2021,MNG,,51.619979,,missing,t,False,insufficient_data,not_applicable,False,,
253090,2021,MOZ,,177.70829999999998,,missing,t,False,insufficient_data,not_applicable,False,,
253090,2021,MRT,,334.136079,,missing,t,False,insufficient_data,not_applicable,False,,
253090,2021,MUS,,0.37423,,missing,t,False,insufficient_data,not_applicable,False,,
253090,2021,MWI,0.15,90.86449999999999,0.15,reported,t,False,insufficient_data,no_adjustment,False,,
253090,2021,MYS,38728.1574,61779.45956,38728.1574,reported,t,False,non_lithium,no_adjustment,False,,
253090,2021,NAM,78.72647,298.92986,78.72647,reported,t,False,non_lithium,no_adjustment,False,,
253090,2021,NCL,,2.8569999999999998,,missing,t,False,insufficient_data,not_applicable,False,,
253090,2021,NER,5.008,1.613,5.008,reported,t,False,insufficient_data,no_adjustment,False,,
253090,2021,NGA,941.12,3406.316687,941.12,reported,t,False,insufficient_data,no_adjustment,False,,
253090,2021,NIC,40.925599999999996,42.385299999999994,40.925599999999996,reported,t,False,insufficient_data,no_adjustment,False,,
253090,2021,NLD,125725.211,149258.153338,125725.211,reported,t,False,non_lithium,no_adjustment,False,,
253090,2021,NOR,452.738,210669.62968,452.738,reported,t,False,non_lithium,no_adjustment,False,,
253090,2021,NPL,,0.082,,missing,t,False,insufficient_data,not_applicable,False,,
253090,2021,NZL,7818.105,625.776446,7818.105,reported,t,False,non_lithium,no_adjustment,False,,
253090,2021,OMN,108.734,2845.331,108.734,reported,t,False,insufficient_data,no_adjustment,False,,
253090,2021,PAK,6.0,1039.776357,6.0,reported,t,False,insufficient_data,no_adjustment,False,,
253090,2021,PAN,,0.1357,,missing,t,False,insufficient_data,not_applicable,False,,
253090,2021,PER,2741.9379599999997,5436.202698,2741.9379599999997,reported,t,False,non_lithium,no_adjustment,False,,
253090,2021,PHL,7109.6634,1010.5815699999999,7109.6634,reported,t,False,insufficient_data,no_adjustment,False,,
253090,2021,PNG,6.01533,7.0978,6.01533,reported,t,False,insufficient_data,no_adjustment,False,,
253090,2021,POL,11083.440037,12388.828243,11083.440037,reported,t,False,non_lithium,no_adjustment,False,,
253090,2021,PRK,,0.1,,missing,t,False,insufficient_data,not_applicable,False,,
253090,2021,PRT,3491.7522000000004,789.764664,3491.7522000000004,reported,t,False,insufficient_data,no_adjustment,False,,
253090,2021,PYF,0.14,0.02,0.14,reported,t,False,insufficient_data,no_adjustment,False,,
253090,2021,QAT,,5.938000000000001,,missing,t,False,insufficient_data,not_applicable,False,,
253090,2021,ROU,9105.445788,808.54307,9105.445788,reported,t,False,insufficient_data,no_adjustment,False,,
253090,2021,RUS,354387.27334200003,192835.05321399999,354387.27334200003,reported,t,False,non_lithium,no_adjustment,False,,
253090,2021,RWA,160.18464,0.18,160.18464,reported,t,False,insufficient_data,no_adjustment,False,,
253090,2021,SAU,8424.577,782.181382,8424.577,reported,t,False,insufficient_data,no_adjustment,False,,
253090,2021,SDN,,398.744408,,missing,t,False,insufficient_data,not_applicable,False,,
253090,2021,SEN,17.002,3632.364481,17.002,reported,t,False,insufficient_data,no_adjustment,False,,
253090,2021,SGP,28.27,4.569236,28.27,reported,t,False,insufficient_data,no_adjustment,False,,
253090,2021,SLE,,2.228,,missing,t,False,non_lithium,not_applicable,False,,
253090,2021,SLV,,0.013600000000000001,,missing,t,False,insufficient_data,not_applicable,False,,
253090,2021,SMR,,39.226,,missing,t,False,insufficient_data,not_applicable,False,,
253090,2021,SOM,,496.74420000000003,,missing,t,False,insufficient_data,not_applicable,False,,
253090,2021,SRB,1203.278,501.02183,1203.278,reported,t,False,insufficient_data,no_adjustment,False,,
253090,2021,STP,,0.429,,missing,t,False,insufficient_data,not_applicable,False,,
253090,2021,SUR,5.78,4.398124,5.78,reported,t,False,insufficient_data,no_adjustment,False,,
253090,2021,SVK,186403.811,117550.446511,186403.811,reported,t,False,non_lithium,no_adjustment,False,,
253090,2021,SVN,858.863574,1433.160536,858.863574,reported,t,False,insufficient_data,no_adjustment,False,,
253090,2021,SWE,,89811.70647800001,,missing,t,False,non_lithium,not_applicable,False,,
253090,2021,SWZ,0.34155,3.933815,0.34155,reported,t,False,insufficient_data,no_adjustment,False,,
253090,2021,TCD,,665.4509999999999,,missing,t,False,insufficient_data,not_applicable,False,,
253090,2021,TGO,,0.014,,missing,t,False,insufficient_data,not_applicable,False,,
253090,2021,THA,24664.479015999998,16966.127726000002,24664.479015999998,reported,t,True,lithium,no_adjustment,False,,
253090,2021,TJK,24.075076,0.2,24.075076,reported,t,False,insufficient_data,no_adjustment,False,,
253090,2021,TKM,,50144.29,,missing,t,False,insufficient_data,not_applicable,False,,
253090,2021,TTO,6.404728,8.96574,6.404728,reported,t,False,insufficient_data,no_adjustment,False,,
253090,2021,TUN,11.006,250.036,11.006,reported,t,False,insufficient_data,no_adjustment,False,,
253090,2021,TUR,369690.371,94982.275505,369690.371,reported,t,False,non_lithium,no_adjustment,False,,
253090,2021,TZA,2.4867,201.22468,2.4867,reported,t,False,insufficient_data,no_adjustment,False,,
253090,2021,UGA,31.193,8.618,31.193,reported,t,False,insufficient_data,no_adjustment,False,,
253090,2021,UKR,0.0,13376.665477999999,13936.263654999999,reported_partner_sum,t,False,non_lithium,unverified,True,,
253090,2021,URY,2.39975,105.2112,2.39975,reported,t,False,insufficient_data,no_adjustment,False,,
253090,2021,USA,117571.653789,350137.182003,117571.653789,reported,t,False,non_lithium,no_adjustment,False,,
253090,2021,UZB,132.299489,713.374092,132.299489,reported,t,False,insufficient_data,no_adjustment,False,,
253090,2021,VEN,,0.0034,,missing,t,False,insufficient_data,not_applicable,False,,
253090,2021,VNM,2415.008773,1062891.784,2415.008773,reported,t,False,insufficient_data,no_adjustment,False,,
253090,2021,WSM,0.001,,0.001,reported,t,False,insufficient_data,no_adjustment,False,,
253090,2021,ZAF,23544.81994,69415.826044,23544.81994,reported,t,False,non_lithium,no_adjustment,False,,
253090,2021,ZMB,4.771,315.72861,4.771,reported,t,False,non_lithium,no_adjustment,False,,
253090,2021,ZWE,29990.76046,35707.98134,29990.76046,reported,t,True,lithium,no_adjustment,False,,
253090,2022,ABW,0.488,0.581,0.488,reported,t,False,insufficient_data,no_adjustment,False,,
253090,2022,AFG,,295.2976,,missing,t,False,insufficient_data,not_applicable,False,,
253090,2022,AGO,1.162,1083.4193500000001,1.162,reported,t,False,insufficient_data,no_adjustment,False,,
253090,2022,ALB,,0.288,,missing,t,False,insufficient_data,not_applicable,False,,
253090,2022,AND,525.86,,525.86,reported,t,False,insufficient_data,no_adjustment,False,,
253090,2022,ARE,709699.1566,,709699.1566,reported,t,False,non_lithium,no_adjustment,False,,
253090,2022,ARG,14493.593,,14493.593,reported,t,False,insufficient_data,no_adjustment,False,,
253090,2022,ARM,388.7325,0.241,388.7325,reported,t,False,insufficient_data,no_adjustment,False,,
253090,2022,ATA,,0.182,,missing,t,False,insufficient_data,not_applicable,False,,
253090,2022,AUS,2708064.872,,2708064.872,reported,t,True,lithium,no_adjustment,False,,
253090,2022,AUT,73484.044623,,73484.044623,reported,t,False,non_lithium,no_adjustment,False,,
253090,2022,AZE,,89427.86899999999,,missing,t,False,insufficient_data,not_applicable,False,,
253090,2022,BDI,,0.007853,,missing,t,False,insufficient_data,not_applicable,False,,
253090,2022,BEL,63226.13965,,63226.13965,reported,t,False,non_lithium,no_adjustment,False,,
253090,2022,BEN,,0.407,,missing,t,False,insufficient_data,not_applicable,False,,
253090,2022,BES,,0.096,,missing,t,False,insufficient_data,not_applicable,False,,
253090,2022,BFA,0.966,5.042408,0.966,reported,t,False,insufficient_data,no_adjustment,False,,
253090,2022,BGD,,0.003,,missing,t,False,insufficient_data,not_applicable,False,,
253090,2022,BGR,1801.166,,1801.166,reported,t,False,insufficient_data,no_adjustment,False,,
253090,2022,BHR,6.0,6308.289086,6.0,reported,t,False,non_lithium,no_adjustment,False,,
253090,2022,BHS,13.0,21216.15323,13.0,reported,t,False,insufficient_data,no_adjustment,False,,
253090,2022,BIH,1631.2908,1273.85512,1631.2908,reported,t,False,insufficient_data,no_adjustment,False,,
253090,2022,BLR,,,,missing,t,False,insufficient_data,not_applicable,False,,
253090,2022,BMU,,0.032,,missing,t,False,insufficient_data,not_applicable,False,,
253090,2022,BOL,1.0045,414.7926,1.0045,reported,t,False,insufficient_data,no_adjustment,False,,
253090,2022,BRA,115607.488,,115607.488,reported,t,True,lithium,no_adjustment,False,,
253090,2022,BRN,0.006,0.26,0.006,reported,t,False,insufficient_data,no_adjustment,False,,
253090,2022,BTN,2498.02,0.209,2498.02,reported,t,False,insufficient_data,no_adjustment,False,,
253090,2022,BWA,60.61591000000001,3.20785,60.61591000000001,reported,t,False,insufficient_data,no_adjustment,False,,
253090,2022,CAF,,0.021,,missing,t,False,insufficient_data,not_applicable,False,,
253090,2022,CAN,157296.596,165878.65201,157296.596,reported,t,False,non_lithium,no_adjustment,False,,
253090,2022,CHE,2368699.604086,,2368699.604086,reported,t,False,non_lithium,no_adjustment,False,,
253090,2022,CHL,14301.357,,14301.357,reported,t,False,non_lithium,no_adjustment,False,,
253090,2022,CHN,1125918.780947,,1125918.780947,reported,t,False,non_lithium,no_adjustment,False,,
253090,2022,CIV,210.317,174.44918299999998,210.317,reported,t,False,insufficient_data,no_adjustment,False,,
253090,2022,CMR,7.022,62.23987700000001,7.022,reported,t,False,insufficient_data,no_adjustment,False,,
253090,2022,COD,,13.742399999999998,,missing,t,False,insufficient_data,not_applicable,False,,
253090,2022,COG,,1.1345,,missing,t,False,insufficient_data,not_applicable,False,,
253090,2022,COL,1435.1050400000001,,1435.1050400000001,reported,t,False,insufficient_data,no_adjustment,False,,
253090,2022,CPV,,49.71,,missing,t,False,insufficient_data,not_applicable,False,,
253090,2022,CRI,1.425594,22.530016,1.425594,reported,t,False,insufficient_data,no_adjustment,False,,
253090,2022,CUB,1563.68,751.415,1563.68,reported,t,False,insufficient_data,no_adjustment,False,,
253090,2022,CUW,,0.555,,missing,t,False,insufficient_data,not_applicable,False,,
253090,2022,CXR,,0.033847,,missing,t,False,insufficient_data,not_applicable,False,,
253090,2022,CYP,3133.738,3584.1820000000002,3133.738,reported,t,False,insufficient_data,no_adjustment,False,,
253090,2022,CZE,,,,missing,t,False,insufficient_data,not_applicable,False,,
253090,2022,DEU,193855.923,,193855.923,reported,t,False,non_lithium,no_adjustment,False,,
253090,2022,DJI,4.38,,4.38,reported,t,False,insufficient_data,no_adjustment,False,,
253090,2022,DMA,0.001,36.80321300000001,0.001,reported,t,False,insufficient_data,no_adjustment,False,,
253090,2022,DNK,45337.564,98684.364653,45337.564,reported,t,False,non_lithium,no_adjustment,False,,
253090,2022,DOM,3.74867,4.524379,3.74867,reported,t,False,insufficient_data,no_adjustment,False,,
253090,2022,DZA,,0.001,,missing,t,False,insufficient_data,not_applicable,False,,
253090,2022,ECU,2416.2562000000003,2235.31988,2416.2562000000003,reported,t,False,insufficient_data,no_adjustment,False,,
253090,2022,EGY,,,,missing,t,False,insufficient_data,not_applicable,False,,
253090,2022,ERI,,0.335,,missing,t,False,insufficient_data,not_applicable,False,,
253090,2022,ESP,170661.005191,,170661.005191,reported,t,False,non_lithium,no_adjustment,False,,
253090,2022,EST,209.56798,,209.56798,reported,t,False,insufficient_data,no_adjustment,False,,
253090,2022,ETH,,2.761976,,missing,t,False,insufficient_data,not_applicable,False,,
253090,2022,FIN,10678.185828,,10678.185828,reported,t,False,non_lithium,no_adjustment,False,,
253090,2022,FJI,8.753879999999999,0.09599999999999999,8.753879999999999,reported,t,False,insufficient_data,no_adjustment,False,,
253090,2022,FRA,1321151.485061,,1321151.485061,reported,t,False,non_lithium,no_adjustment,False,,
253090,2022,GAB,0.703,281.87778000000003,0.703,reported,t,False,insufficient_data,no_adjustment,False,,
253090,2022,GBR,55929.386954,,55929.386954,reported,t,False,non_lithium,no_adjustment,False,,
253090,2022,GEO,47.0374,20.342112,47.0374,reported,t,False,insufficient_data,no_adjustment,False,,
253090,2022,GHA,4.422,4.13468,4.422,reported,t,False,insufficient_data,no_adjustment,False,,
253090,2022,GIB,,4.116,,missing,t,False,insufficient_data,not_applicable,False,,
253090,2022,GIN,,36.108,,missing,t,False,insufficient_data,not_applicable,False,,
253090,2022,GNB,,0.049,,missing,t,False,insufficient_data,not_applicable,False,,
253090,2022,GRC,89779.969,,89779.969,reported,t,False,non_lithium,no_adjustment,False,,
253090,2022,GRL,,68.097,,missing,t,False,insufficient_data,not_applicable,False,,
253090,2022,GTM,9332.83,9257.303188,9332.83,reported,t,False,insufficient_data,no_adjustment,False,,
253090,2022,GUY,,49.205353,,missing,t,False,insufficient_data,not_applicable,False,,
253090,2022,HKG,3379.708,347.958637,3379.708,reported,t,False,non_lithium,no_adjustment,False,,
253090,2022,HND,,1.309,,missing,t,False,insufficient_data,not_applicable,False,,
253090,2022,HRV,23.156462,121.97868199999999,23.156462,reported,t,False,insufficient_data,no_adjustment,False,,
253090,2022,HTI,,5.889365,,missing,t,False,insufficient_data,not_applicable,False,,
253090,2022,HUN,2202.0128999999997,,2202.0128999999997,reported,t,False,insufficient_data,no_adjustment,False,,
253090,2022,IDN,79827.6907,,79827.6907,reported,t,False,non_lithium,no_adjustment,False,,
253090,2022,IND,59074.52597,,59074.52597,reported,t,False,review,no_adjustment,False,,
253090,2022,IRL,68.672,366.075913,68.672,reported,t,False,insufficient_data,no_adjustment,False,,
253090,2022,IRN,739053.908,5515.195,739053.908,reported,t,False,non_lithium,no_adjustment,False,,
253090,2022,IRQ,,43.0174,,missing,t,False,insufficient_data,not_applicable,False,,
253090,2022,ISL,3.15,1153.385,3.15,reported,t,False,insufficient_data,no_adjustment,False,,
253090,2022,ISR,695.365,,695.365,reported,t,False,insufficient_data,no_adjustment,False,,
253090,2022,ITA,79312.163,,79312.163,reported,t,False,non_lithium,no_adjustment,False,,
253090,2022,JAM,,1.941,,missing,t,False,insufficient_data,not_applicable,False,,
253090,2022,JOR,,,,missing,t,False,non_lithium,not_applicable,False,,
253090,2022,JPN,564372.437165,,564372.437165,reported,t,False,non_lithium,no_adjustment,False,,
253090,2022,KAZ,5716.04235,907.015,5716.04235,reported,t,False,non_lithium,no_adjustment,False,,
253090,2022,KEN,18901.8302,3718.633214,18901.8302,reported,t,False,non_lithium,no_adjustment,False,,
253090,2022,KGZ,329.44,100.148,329.44,reported,t,False,insufficient_data,no_adjustment,False,,
253090,2022,KHM,0.3745,0.012,0.3745,reported,t,False,insufficient_data,no_adjustment,False,,
253090,2022,KOR,163360.899251,,163360.899251,reported,t,False,non_lithium,no_adjustment,False,,
253090,2022,KWT,,3.5038460000000002,,missing,t,False,insufficient_data,not_applicable,False,,
253090,2022,LAO,30.235,622.3950600000001,30.235,reported,t,False,insufficient_data,no_adjustment,False,,
253090,2022,LBN,8.424,0.6629999999999999,8.424,reported,t,False,insufficient_data,no_adjustment,False,,
253090,2022,LBR,,14.78821,,missing,t,False,insufficient_data,not_applicable,False,,
253090,2022,LBY,,0.402,,missing,t,False,insufficient_data,not_applicable,False,,
253090,2022,LCA,,0.01,,missing,t,False,insufficient_data,not_applicable,False,,
253090,2022,LKA,1.0,616.255079,1.0,reported,t,False,insufficient_data,no_adjustment,False,,
253090,2022,LSO,15.471,16.45447,15.471,reported,t,False,insufficient_data,no_adjustment,False,,
253090,2022,LTU,915.186921,1574.562506,915.186921,reported,t,False,insufficient_data,no_adjustment,False,,
253090,2022,LUX,53.531699999999994,760028.21851,53.531699999999994,reported,t,False,insufficient_data,no_adjustment,False,,
253090,2022,LVA,117.227,3910.4766,117.227,reported,t,False,insufficient_data,no_adjustment,False,,
253090,2022,MAR,17351.259570000002,6971.4722249999995,17351.259570000002,reported,t,False,non_lithium,no_adjustment,False,,
253090,2022,MDG,3678.5295,7582.961249,3678.5295,reported,t,False,insufficient_data,no_adjustment,False,,
253090,2022,MDV,,3.057,,missing,t,False,insufficient_data,not_applicable,False,,
253090,2022,MEX,90810.406,,90810.406,reported,t,False,non_lithium,no_adjustment,False,,
253090,2022,MKD,53351.69,448.247,53351.69,reported,t,False,non_lithium,no_adjustment,False,,
253090,2022,MLI,12.293,11438.588025,12.293,reported,t,False,insufficient_data,no_adjustment,False,,
253090,2022,MLT,0.442,24.049,0.442,reported,t,False,insufficient_data,no_adjustment,False,,
253090,2022,MMR,,202.23062,,missing,t,False,insufficient_data,not_applicable,False,,
253090,2022,MNE,7503.3375,0.02,7503.3375,reported,t,False,insufficient_data,no_adjustment,False,,
253090,2022,MNG,0.063206,3705.37263,0.063206,reported,t,False,insufficient_data,no_adjustment,False,,
253090,2022,MOZ,11.597,2434.522115,11.597,reported,t,False,insufficient_data,no_adjustment,False,,
253090,2022,MRT,1.332,3.3463030000000002,1.332,reported,t,False,insufficient_data,no_adjustment,False,,
253090,2022,MUS,0.154,0.0945,0.154,reported,t,False,insufficient_data,no_adjustment,False,,
253090,2022,MWI,23.4185,1.8499999999999999,23.4185,reported,t,False,insufficient_data,no_adjustment,False,,
253090,2022,MYS,36162.088,,36162.088,reported,t,False,non_lithium,no_adjustment,False,,
253090,2022,NAM,69729.87005,72798.376439,69729.87005,reported,t,False,non_lithium,no_adjustment,False,,
253090,2022,NCL,,1.4238469999999999,,missing,t,False,insufficient_data,not_applicable,False,,
253090,2022,NER,8.153,25.85,8.153,reported,t,False,insufficient_data,no_adjustment,False,,
253090,2022,NGA,10593.483,82068.17986300001,10593.483,reported,t,False,insufficient_data,no_adjustment,False,,
253090,2022,NIC,0.002,0.40560999999999997,0.002,reported,t,False,insufficient_data,no_adjustment,False,,
253090,2022,NLD,143730.32,,143730.32,reported,t,False,non_lithium,no_adjustment,False,,
253090,2022,NOR,1458.819,482772.466619,1458.819,reported,t,False,non_lithium,no_adjustment,False,,
253090,2022,NPL,,0.009,,missing,t,False,insufficient_data,not_applicable,False,,
253090,2022,NZL,9599.689,938.93882,9599.689,reported,t,False,non_lithium,no_adjustment,False,,
253090,2022,OMN,2.338,1521.9242,2.338,reported,t,False,insufficient_data,no_adjustment,False,,
253090,2022,PAK,1186.0,2677.221007,1186.0,reported,t,False,insufficient_data,no_adjustment,False,,
253090,2022,PAN,,0.8406,,missing,t,False,insufficient_data,not_applicable,False,,
253090,2022,PER,,10355.826207,,missing,t,False,non_lithium,not_applicable,False,,
253090,2022,PHL,5336.034866,693.8133,5336.034866,reported,t,False,insufficient_data,no_adjustment,False,,
253090,2022,PLW,,0.14,,missing,t,False,insufficient_data,not_applicable,False,,
253090,2022,PNG,3.7204,42.125,3.7204,reported,t,False,insufficient_data,no_adjustment,False,,
253090,2022,POL,9778.490229,,9778.490229,reported,t,False,non_lithium,no_adjustment,False,,
253090,2022,PRT,2362.921478,683.388872,2362.921478,reported,t,False,insufficient_data,no_adjustment,False,,
253090,2022,PRY,12.64,,12.64,reported,t,False,insufficient_data,no_adjustment,False,,
253090,2022,PYF,0.652,1.8840000000000001,0.652,reported,t,False,insufficient_data,no_adjustment,False,,
253090,2022,QAT,,5.0200000000000005,,missing,t,False,insufficient_data,not_applicable,False,,
253090,2022,ROU,13160.5585,501.21175999999997,13160.5585,reported,t,False,insufficient_data,no_adjustment,False,,
253090,2022,RUS,,120377.979065,,missing,t,False,non_lithium,not_applicable,False,,
253090,2022,RWA,1340.84285,2990.171,1340.84285,reported,t,False,insufficient_data,no_adjustment,False,,
253090,2022,SAU,10.516,36.905385,10.516,reported,t,False,insufficient_data,no_adjustment,False,,
253090,2022,SDN,,,,missing,t,False,insufficient_data,not_applicable,False,,
253090,2022,SEN,17.943,2661.7353700000003,17.943,reported,t,False,insufficient_data,no_adjustment,False,,
253090,2022,SGP,1951.28,153.315907,1951.28,reported,t,False,insufficient_data,no_adjustment,False,,
253090,2022,SLB,,1.812,,missing,t,False,insufficient_data,not_applicable,False,,
253090,2022,SLE,,14.804699999999999,,missing,t,False,non_lithium,not_applicable,False,,
253090,2022,SOM,,186.5334,,missing,t,False,insufficient_data,not_applicable,False,,
253090,2022,SPM,,0.08,,missing,t,False,insufficient_data,not_applicable,False,,
253090,2022,SRB,2065.816,493.51934,2065.816,reported,t,False,insufficient_data,no_adjustment,False,,
253090,2022,SSD,,0.07,,missing,t,False,insufficient_data,not_applicable,False,,
253090,2022,STP,,0.491,,missing,t,False,insufficient_data,not_applicable,False,,
253090,2022,SUR,3.53179,8.911,3.53179,reported,t,False,insufficient_data,no_adjustment,False,,
253090,2022,SVK,161801.993,117367.70875599999,161801.993,reported,t,False,non_lithium,no_adjustment,False,,
253090,2022,SVN,933.889762,1381.2922139999998,933.889762,reported,t,False,insufficient_data,no_adjustment,False,,
253090,2022,SWE,44832.084468,,44832.084468,reported,t,False,non_lithium,no_adjustment,False,,
253090,2022,SWZ,0.273,43.7975,0.273,reported,t,False,insufficient_data,no_adjustment,False,,
253090,2022,SXM,,0.143,,missing,t,False,insufficient_data,not_applicable,False,,
253090,2022,SYR,,3.25,,missing,t,False,insufficient_data,not_applicable,False,,
253090,2022,TCD,,516.436,,missing,t,False,insufficient_data,not_applicable,False,,
253090,2022,THA,17763.354,,17763.354,reported,t,True,lithium,no_adjustment,False,,
253090,2022,TJK,862.0,480.0,862.0,reported,t,False,insufficient_data,no_adjustment,False,,
253090,2022,TKM,,8342.069,,missing,t,False,insufficient_data,not_applicable,False,,
253090,2022,TLS,,0.03394,,missing,t,False,insufficient_data,not_applicable,False,,
253090,2022,TON,0.004,,0.004,reported,t,False,insufficient_data,no_adjustment,False,,
253090,2022,TTO,0.184,749.1087699999999,0.184,reported,t,False,insufficient_data,no_adjustment,False,,
253090,2022,TUN,9.528,20.626,9.528,reported,t,False,insufficient_data,no_adjustment,False,,
253090,2022,TUR,364757.699,,364757.699,reported,t,False,non_lithium,no_adjustment,False,,
253090,2022,TZA,347.06427,564.54531,347.06427,reported,t,False,insufficient_data,no_adjustment,False,,
253090,2022,UGA,,910.2191,,missing,t,False,insufficient_data,not_applicable,False,,
253090,2022,UKR,7695.9915,,7695.9915,reported,t,False,non_lithium,no_adjustment,False,,
253090,2022,UMI,,0.006,,missing,t,False,insufficient_data,not_applicable,False,,
253090,2022,URY,3.713,62.7693,3.713,reported,t,False,insufficient_data,no_adjustment,False,,
253090,2022,USA,113225.515,,113225.515,reported,t,False,non_lithium,no_adjustment,False,,
253090,2022,UZB,215.26,191.37199999999999,215.26,reported,t,False,insufficient_data,no_adjustment,False,,
253090,2022,VCT,,0.014,,missing,t,False,insufficient_data,not_applicable,False,,
253090,2022,VGB,,3923.628,,missing,t,False,insufficient_data,not_applicable,False,,
253090,2022,VNM,,,,missing,t,False,insufficient_data,not_applicable,False,,
253090,2022,WSM,0.001,,0.001,reported,t,False,insufficient_data,no_adjustment,False,,
253090,2022,ZAF,22143.93363,,22143.93363,reported,t,False,non_lithium,no_adjustment,False,,
253090,2022,ZMB,10.176,32.7921,10.176,reported,t,False,non_lithium,no_adjustment,False,,
253090,2022,ZWE,88277.00448,94326.27817,88277.00448,reported,t,True,lithium,no_adjustment,False,,
253090,2023,AFG,,7.438399,,missing,t,False,insufficient_data,not_applicable,False,,
253090,2023,AGO,2.6633,4.148,2.6633,reported,t,False,insufficient_data,no_adjustment,False,,
253090,2023,ALB,,0.611306,,missing,t,False,insufficient_data,not_applicable,False,,
253090,2023,AND,97.5,,97.5,reported,t,False,insufficient_data,no_adjustment,False,,
253090,2023,ARE,856454.0259,,856454.0259,reported,t,False,non_lithium,no_adjustment,False,,
253090,2023,ARG,16051.78,,16051.78,reported,t,False,insufficient_data,no_adjustment,False,,
253090,2023,ARM,425.427187,,425.427187,reported,t,False,insufficient_data,no_adjustment,False,,
253090,2023,ASM,,0.00045,,missing,t,False,insufficient_data,not_applicable,False,,
253090,2023,ATA,,0.034,,missing,t,False,insufficient_data,not_applicable,False,,
253090,2023,ATG,,0.033,,missing,t,False,insufficient_data,not_applicable,False,,
253090,2023,AUS,3588349.89908,,3588349.89908,reported,t,True,lithium,no_adjustment,False,,
253090,2023,AUT,52732.027134,,52732.027134,reported,t,False,non_lithium,no_adjustment,False,,
253090,2023,AZE,0.254,3.041,0.254,reported,t,False,insufficient_data,no_adjustment,False,,
253090,2023,BDI,,150.28,,missing,t,False,insufficient_data,not_applicable,False,,
253090,2023,BEL,49378.634130000006,,49378.634130000006,reported,t,False,non_lithium,no_adjustment,False,,
253090,2023,BES,,0.067,,missing,t,False,insufficient_data,not_applicable,False,,
253090,2023,BFA,3.239,2.1325000000000003,3.239,reported,t,False,insufficient_data,no_adjustment,False,,
253090,2023,BGR,6621.271,,6621.271,reported,t,False,insufficient_data,no_adjustment,False,,
253090,2023,BHR,,18893.907102,,missing,t,False,non_lithium,not_applicable,False,,
253090,2023,BHS,15.0,51316.7,15.0,reported,t,False,insufficient_data,no_adjustment,False,,
253090,2023,BIH,1332.4376000000002,1143.7592,1332.4376000000002,reported,t,False,insufficient_data,no_adjustment,False,,
253090,2023,BLR,,659.978036,,missing,t,False,insufficient_data,not_applicable,False,,
253090,2023,BMU,,0.005,,missing,t,False,insufficient_data,not_applicable,False,,
253090,2023,BOL,220.284,306.16991,220.284,reported,t,False,insufficient_data,no_adjustment,False,,
253090,2023,BRA,483436.670884,,483436.670884,reported,t,True,lithium,no_adjustment,False,,
253090,2023,BRB,0.654,0.002,0.654,reported,t,False,insufficient_data,no_adjustment,False,,
253090,2023,BRN,2.181,4.02,2.181,reported,t,False,insufficient_data,no_adjustment,False,,
253090,2023,BTN,0.05903,0.020276,0.05903,reported,t,False,insufficient_data,no_adjustment,False,,
253090,2023,BWA,9.62091,10.032549999999999,9.62091,reported,t,False,insufficient_data,no_adjustment,False,,
253090,2023,CAN,129328.328,,129328.328,reported,t,False,non_lithium,no_adjustment,False,,
253090,2023,CHE,2104253.357653,1626414.758482,2104253.357653,reported,t,False,non_lithium,no_adjustment,False,,
253090,2023,CHL,16312.0339,780.706148,16312.0339,reported,t,False,non_lithium,no_adjustment,False,,
253090,2023,CHN,996656.28224,,996656.28224,reported,t,False,non_lithium,no_adjustment,False,,
253090,2023,CIV,184.001,37.297,184.001,reported,t,False,insufficient_data,no_adjustment,False,,
253090,2023,CMR,17.3932,7.972704,17.3932,reported,t,False,insufficient_data,no_adjustment,False,,
253090,2023,COD,17.543,100.7579,17.543,reported,t,False,insufficient_data,no_adjustment,False,,
253090,2023,COG,,0.895,,missing,t,False,insufficient_data,not_applicable,False,,
253090,2023,COL,1219.809,94.27282,1219.809,reported,t,False,insufficient_data,no_adjustment,False,,
253090,2023,CPV,,0.305153,,missing,t,False,insufficient_data,not_applicable,False,,
253090,2023,CRI,9.149209999999998,86.7276,9.149209999999998,reported,t,False,insufficient_data,no_adjustment,False,,
253090,2023,CUB,,579.057,,missing,t,False,insufficient_data,not_applicable,False,,
253090,2023,CUW,,0.516,,missing,t,False,insufficient_data,not_applicable,False,,
253090,2023,CYP,1952.12,1817.073181,1952.12,reported,t,False,insufficient_data,no_adjustment,False,,
253090,2023,CZE,,9262.716665,,missing,t,False,insufficient_data,not_applicable,False,,
253090,2023,DEU,215046.20563100002,,215046.20563100002,reported,t,False,non_lithium,no_adjustment,False,,
253090,2023,DJI,,311.82,,missing,t,False,insufficient_data,not_applicable,False,,
253090,2023,DMA,0.001,45.616067,0.001,reported,t,False,insufficient_data,no_adjustment,False,,
253090,2023,DNK,335.325,,335.325,reported,t,False,non_lithium,no_adjustment,False,,
253090,2023,DOM,2.7417350000000003,2504.716098,2.7417350000000003,reported,t,False,insufficient_data,no_adjustment,False,,
253090,2023,DZA,,337415.03945,,missing,t,False,insufficient_data,not_applicable,False,,
253090,2023,ECU,1.68191,1771.95696,1.68191,reported,t,False,insufficient_data,no_adjustment,False,,
253090,2023,EGY,,,,missing,t,False,insufficient_data,not_applicable,False,,
253090,2023,ERI,,1.524,,missing,t,False,insufficient_data,not_applicable,False,,
253090,2023,ESH,,12000.0,,missing,t,False,insufficient_data,not_applicable,False,,
253090,2023,ESP,120422.70785199999,,120422.70785199999,reported,t,False,non_lithium,no_adjustment,False,,
253090,2023,EST,352.0047,395.900248,352.0047,reported,t,False,insufficient_data,no_adjustment,False,,
253090,2023,ETH,12749.537,14987.149500000001,12749.537,reported,t,False,insufficient_data,no_adjustment,False,,
253090,2023,FIN,10006.072189999999,,10006.072189999999,reported,t,False,non_lithium,no_adjustment,False,,
253090,2023,FJI,11.46206,0.237,11.46206,reported,t,False,insufficient_data,no_adjustment,False,,
253090,2023,FRA,821193.120218,,821193.120218,reported,t,False,non_lithium,no_adjustment,False,,
253090,2023,GAB,1.847,79.34042,1.847,reported,t,False,insufficient_data,no_adjustment,False,,
253090,2023,GBR,,,,missing,t,False,non_lithium,not_applicable,False,,
253090,2023,GEO,5.694,0.192,5.694,reported,t,False,insufficient_data,no_adjustment,False,,
253090,2023,GHA,73.867,346.07898500000005,73.867,reported,t,False,insufficient_data,no_adjustment,False,,
253090,2023,GIB,,7.315,,missing,t,False,insufficient_data,not_applicable,False,,
253090,2023,GIN,,3.794,,missing,t,False,insufficient_data,not_applicable,False,,
253090,2023,GNB,,0.047799999999999995,,missing,t,False,insufficient_data,not_applicable,False,,
253090,2023,GRC,111991.429,,111991.429,reported,t,False,non_lithium,no_adjustment,False,,
253090,2023,GRD,,0.001,,missing,t,False,insufficient_data,not_applicable,False,,
253090,2023,GRL,,12.093,,missing,t,False,insufficient_data,not_applicable,False,,
253090,2023,GTM,5799.883,5754.34433,5799.883,reported,t,False,insufficient_data,no_adjustment,False,,
253090,2023,GUY,0.32694999999999996,4.8709999999999996,0.32694999999999996,reported,t,False,insufficient_data,no_adjustment,False,,
253090,2023,HKG,125.476,,125.476,reported,t,False,non_lithium,no_adjustment,False,,
253090,2023,HND,45.4,46.571999999999996,45.4,reported,t,False,insufficient_data,no_adjustment,False,,
253090,2023,HRV,321.525284,,321.525284,reported,t,False,insufficient_data,no_adjustment,False,,
253090,2023,HUN,995.124,202913.125346,995.124,reported,t,False,insufficient_data,no_adjustment,False,,
253090,2023,IDN,168411.88668,,168411.88668,reported,t,False,non_lithium,no_adjustment,False,,
253090,2023,IND,60182.845374,,60182.845374,reported,t,False,review,no_adjustment,False,,
253090,2023,IRL,70.404,6818.02222,70.404,reported,t,False,insufficient_data,no_adjustment,False,,
253090,2023,IRN,,6871.469333,,missing,t,False,non_lithium,not_applicable,False,,
253090,2023,IRQ,,5.673,,missing,t,False,insufficient_data,not_applicable,False,,
253090,2023,ISL,45.369,192.252901,45.369,reported,t,False,insufficient_data,no_adjustment,False,,
253090,2023,ISR,,,,missing,t,False,insufficient_data,not_applicable,False,,
253090,2023,ITA,78378.716,,78378.716,reported,t,False,non_lithium,no_adjustment,False,,
253090,2023,JAM,,15.362,,missing,t,False,insufficient_data,not_applicable,False,,
253090,2023,JOR,,,,missing,t,False,non_lithium,not_applicable,False,,
253090,2023,JPN,1076687.878333,,1076687.878333,reported,t,False,non_lithium,no_adjustment,False,,
253090,2023,KAZ,104078.13525,346.80583,104078.13525,reported,t,False,non_lithium,no_adjustment,False,,
253090,2023,KEN,3356.4917,,3356.4917,reported,t,False,non_lithium,no_adjustment,False,,
253090,2023,KGZ,161.554,161.227626,161.554,reported,t,False,insufficient_data,no_adjustment,False,,
253090,2023,KHM,,0.086,,missing,t,False,insufficient_data,not_applicable,False,,
253090,2023,KOR,113676.30047,,113676.30047,reported,t,False,non_lithium,no_adjustment,False,,
253090,2023,KWT,12.2575,1.196,12.2575,reported,t,False,insufficient_data,no_adjustment,False,,
253090,2023,LAO,164.939,1192.98,164.939,reported,t,False,insufficient_data,no_adjustment,False,,
253090,2023,LBN,,22.976686000000004,,missing,t,False,insufficient_data,not_applicable,False,,
253090,2023,LBR,,2.68904,,missing,t,False,insufficient_data,not_applicable,False,,
253090,2023,LBY,,,,missing,t,False,insufficient_data,not_applicable,False,,
253090,2023,LCA,,0.037,,missing,t,False,insufficient_data,not_applicable,False,,
253090,2023,LKA,,,,missing,t,False,insufficient_data,not_applicable,False,,
253090,2023,LSO,0.0177,0.0165,0.0177,reported,t,False,insufficient_data,no_adjustment,False,,
253090,2023,LTU,791.870182,1218.082274,791.870182,reported,t,False,insufficient_data,no_adjustment,False,,
253090,2023,LUX,1978.559753,970641.92426,1978.559753,reported,t,False,insufficient_data,no_adjustment,False,,
253090,2023,LVA,32.746,,32.746,reported,t,False,insufficient_data,no_adjustment,False,,
253090,2023,MAR,9513.89589,,9513.89589,reported,t,False,non_lithium,no_adjustment,False,,
253090,2023,MDA,0.194,0.14014,0.194,reported,t,False,insufficient_data,no_adjustment,False,,
253090,2023,MDG,6463.63955,14599.457825000001,6463.63955,reported,t,False,insufficient_data,no_adjustment,False,,
253090,2023,MDV,,0.041,,missing,t,False,insufficient_data,not_applicable,False,,
253090,2023,MEX,74984.755,,74984.755,reported,t,False,non_lithium,no_adjustment,False,,
253090,2023,MKD,70146.83,499.305,70146.83,reported,t,False,non_lithium,no_adjustment,False,,
253090,2023,MLI,1.092,6922.813288,1.092,reported,t,False,insufficient_data,no_adjustment,False,,
253090,2023,MLT,0.999,6.411,0.999,reported,t,False,insufficient_data,no_adjustment,False,,
253090,2023,MMR,,24518.628,,missing,t,False,insufficient_data,not_applicable,False,,
253090,2023,MNE,22029.39465,0.523065,22029.39465,reported,t,False,insufficient_data,no_adjustment,False,,
253090,2023,MNG,0.0518,6131.006407,0.0518,reported,t,False,insufficient_data,no_adjustment,False,,
253090,2023,MOZ,1591.13,8723.0858,1591.13,reported,t,False,insufficient_data,no_adjustment,False,,
253090,2023,MRT,,3.575952,,missing,t,False,insufficient_data,not_applicable,False,,
253090,2023,MSR,,0.063,,missing,t,False,insufficient_data,not_applicable,False,,
253090,2023,MUS,0.055,15.022,0.055,reported,t,False,insufficient_data,no_adjustment,False,,
253090,2023,MWI,16.30784,12.91332,16.30784,reported,t,False,insufficient_data,no_adjustment,False,,
253090,2023,MYS,26010.0919,,26010.0919,reported,t,False,non_lithium,no_adjustment,False,,
253090,2023,NAM,51050.457571,105774.595821,51050.457571,reported,t,False,non_lithium,no_adjustment,False,,
253090,2023,NCL,,0.312,,missing,t,False,insufficient_data,not_applicable,False,,
253090,2023,NER,13.709,47.665,13.709,reported,t,False,insufficient_data,no_adjustment,False,,
253090,2023,NGA,4554.682,571307.403766,4554.682,reported,t,False,insufficient_data,no_adjustment,False,,
253090,2023,NIC,0.9348099999999999,0.24597,0.9348099999999999,reported,t,False,insufficient_data,no_adjustment,False,,
253090,2023,NLD,87309.316537,,87309.316537,reported,t,False,non_lithium,no_adjustment,False,,
253090,2023,NOR,45668.889,105188.726845,45668.889,reported,t,False,non_lithium,no_adjustment,False,,
253090,2023,NPL,,0.069,,missing,t,False,insufficient_data,not_applicable,False,,
253090,2023,NZL,9751.694639000001,648.18782,9751.694639000001,reported,t,False,non_lithium,no_adjustment,False,,
253090,2023,OMN,2.381,28.580191,2.381,reported,t,False,insufficient_data,no_adjustment,False,,
253090,2023,PAK,1513.0,,1513.0,reported,t,False,insufficient_data,no_adjustment,False,,
253090,2023,PAN,,0.036,,missing,t,False,insufficient_data,not_applicable,False,,
253090,2023,PER,53700.96832,,53700.96832,reported,t,False,non_lithium,no_adjustment,False,,
253090,2023,PHL,436.05992,872.848,436.05992,reported,t,False,insufficient_data,no_adjustment,False,,
253090,2023,PNG,8.750309999999999,1.5925340000000001,8.750309999999999,reported,t,False,insufficient_data,no_adjustment,False,,
253090,2023,POL,5019.305028,11275.035041,5019.305028,reported,t,False,non_lithium,no_adjustment,False,,
253090,2023,PRT,250.698,438.432375,250.698,reported,t,False,insufficient_data,no_adjustment,False,,
253090,2023,PRY,15.956,0.103,15.956,reported,t,False,insufficient_data,no_adjustment,False,,
253090,2023,PYF,,3.3144329999999997,,missing,t,False,insufficient_data,not_applicable,False,,
253090,2023,QAT,,0.557,,missing,t,False,insufficient_data,not_applicable,False,,
253090,2023,ROU,4108.276318,128.8322,4108.276318,reported,t,False,insufficient_data,no_adjustment,False,,
253090,2023,RUS,,114526.836167,,missing,t,False,non_lithium,not_applicable,False,,
253090,2023,RWA,,10492.6052,,missing,t,False,insufficient_data,not_applicable,False,,
253090,2023,SAU,,,,missing,t,False,insufficient_data,not_applicable,False,,
253090,2023,SDN,,,,missing,t,False,insufficient_data,not_applicable,False,,
253090,2023,SEN,3031.311,43970.58894,3031.311,reported,t,False,insufficient_data,no_adjustment,False,,
253090,2023,SGP,1407.758069,,1407.758069,reported,t,False,insufficient_data,no_adjustment,False,,
253090,2023,SLE,,0.7959,,missing,t,False,non_lithium,not_applicable,False,,
253090,2023,SLV,,0.033,,missing,t,False,insufficient_data,not_applicable,False,,
253090,2023,SOM,,232.094,,missing,t,False,insufficient_data,not_applicable,False,,
253090,2023,SRB,2302.741,551.525795,2302.741,reported,t,False,insufficient_data,no_adjustment,False,,
253090,2023,SUR,2.699,1.51328,2.699,reported,t,False,insufficient_data,no_adjustment,False,,
253090,2023,SVK,156756.953,103343.383354,156756.953,reported,t,False,non_lithium,no_adjustment,False,,
253090,2023,SVN,1085.1020179999998,1123.060579,1085.1020179999998,reported,t,False,insufficient_data,no_adjustment,False,,
253090,2023,SWE,51196.590585,,51196.590585,reported,t,False,non_lithium,no_adjustment,False,,
253090,2023,SWZ,0.15897999999999998,0.0654,0.15897999999999998,reported,t,False,insufficient_data,no_adjustment,False,,
253090,2023,TCD,,1314.17,,missing,t,False,insufficient_data,not_applicable,False,,
253090,2023,TGO,,22.402698,,missing,t,False,insufficient_data,not_applicable,False,,
253090,2023,THA,10653.205091,,10653.205091,reported,t,True,lithium,no_adjustment,False,,
253090,2023,TJK,2468.0,2566.004,2468.0,reported,t,False,insufficient_data,no_adjustment,False,,
253090,2023,TKM,,0.09,,missing,t,False,insufficient_data,not_applicable,False,,
253090,2023,TON,,1.069157,,missing,t,False,insufficient_data,not_applicable,False,,
253090,2023,TTO,21.226559,0.24528,21.226559,reported,t,False,insufficient_data,no_adjustment,False,,
253090,2023,TUN,0.006,1.332,0.006,reported,t,False,insufficient_data,no_adjustment,False,,
253090,2023,TUR,255075.157,,255075.157,reported,t,False,non_lithium,no_adjustment,False,,
253090,2023,TZA,477.47760999999997,2833.75972,477.47760999999997,reported,t,False,insufficient_data,no_adjustment,False,,
253090,2023,UGA,64.155,7417.305,64.155,reported,t,False,insufficient_data,no_adjustment,False,,
253090,2023,UKR,4354.975321999999,,4354.975321999999,reported,t,False,non_lithium,no_adjustment,False,,
253090,2023,URY,0.3018,8.177871,0.3018,reported,t,False,insufficient_data,no_adjustment,False,,
253090,2023,USA,89251.491,,89251.491,reported,t,False,non_lithium,no_adjustment,False,,
253090,2023,UZB,63.0,77.996,63.0,reported,t,False,insufficient_data,no_adjustment,False,,
253090,2023,VEN,,2.765,,missing,t,False,insufficient_data,not_applicable,False,,
253090,2023,VNM,,796462.3712,,missing,t,False,insufficient_data,not_applicable,False,,
253090,2023,VUT,,0.02026,,missing,t,False,insufficient_data,not_applicable,False,,
253090,2023,WSM,0.015,,0.015,reported,t,False,insufficient_data,no_adjustment,False,,
253090,2023,ZAF,414387.06191000005,,414387.06191000005,reported,t,False,non_lithium,no_adjustment,False,,
253090,2023,ZMB,67.1969,216.11615,67.1969,reported,t,False,non_lithium,no_adjustment,False,,
253090,2023,ZWE,799080.39572,415084.77280000004,799080.39572,reported,t,True,lithium,no_adjustment,False,,
253090,2024,AFG,,2.576473,,missing,t,False,insufficient_data,not_applicable,False,,
253090,2024,AGO,1.38925,3.99958,1.38925,reported,t,False,insufficient_data,no_adjustment,False,,
253090,2024,AIA,,0.15,,missing,t,False,insufficient_data,not_applicable,False,,
253090,2024,ALB,,0.17400000000000002,,missing,t,False,insufficient_data,not_applicable,False,,
253090,2024,ARE,,,,missing,t,False,non_lithium,not_applicable,False,,
253090,2024,ARG,6718.1,,6718.1,reported,t,False,insufficient_data,no_adjustment,False,,
253090,2024,ARM,449.96696999999995,1.8126680000000002,449.96696999999995,reported,t,False,insufficient_data,no_adjustment,False,,
253090,2024,ASM,,0.21,,missing,t,False,insufficient_data,not_applicable,False,,
253090,2024,ATA,,0.2715,,missing,t,False,insufficient_data,not_applicable,False,,
253090,2024,AUS,3987085.7443600004,,3987085.7443600004,reported,t,True,lithium,no_adjustment,False,,
253090,2024,AUT,53743.378204,,53743.378204,reported,t,False,non_lithium,no_adjustment,False,,
253090,2024,AZE,,3.588,,missing,t,False,insufficient_data,not_applicable,False,,
253090,2024,BDI,,75.008,,missing,t,False,insufficient_data,not_applicable,False,,
253090,2024,BEL,39164.99436,,39164.99436,reported,t,False,non_lithium,no_adjustment,False,,
253090,2024,BEN,,0.007,,missing,t,False,insufficient_data,not_applicable,False,,
253090,2024,BFA,1.425,25.655281,1.425,reported,t,False,insufficient_data,no_adjustment,False,,
253090,2024,BGD,,0.056,,missing,t,False,insufficient_data,not_applicable,False,,
253090,2024,BGR,1376.18,1579.6970820000001,1376.18,reported,t,False,insufficient_data,no_adjustment,False,,
253090,2024,BHR,1.281,0.676,1.281,reported,t,False,non_lithium,no_adjustment,False,,
253090,2024,BHS,3.0,50271.604,3.0,reported,t,False,insufficient_data,no_adjustment,False,,
253090,2024,BIH,1453.2391499999999,1076.457042,1453.2391499999999,reported,t,False,insufficient_data,no_adjustment,False,,
253090,2024,BLR,,1157.1,,missing,t,False,insufficient_data,not_applicable,False,,
253090,2024,BOL,,8.955033,,missing,t,False,insufficient_data,not_applicable,False,,
253090,2024,BRA,351400.258,,351400.258,reported,t,True,lithium,no_adjustment,False,,
253090,2024,BRN,2.648,3.54,2.648,reported,t,False,insufficient_data,no_adjustment,False,,
253090,2024,BTN,,0.005,,missing,t,False,insufficient_data,not_applicable,False,,
253090,2024,BWA,,38.78713,,missing,t,False,insufficient_data,not_applicable,False,,
253090,2024,CAF,,0.006,,missing,t,False,insufficient_data,not_applicable,False,,
253090,2024,CAN,125330.34,338508.387767,125330.34,reported,t,False,non_lithium,externally_confirmed,False,,
253090,2024,CHE,2679725.012716,2331166.034822,2679725.012716,reported,t,False,non_lithium,no_adjustment,False,,
253090,2024,CHL,17375.621,232.56374,17375.621,reported,t,False,non_lithium,no_adjustment,False,,
253090,2024,CHN,777162.570576,,777162.570576,reported,t,False,non_lithium,no_adjustment,False,,
253090,2024,CIV,230.483,13.535292,230.483,reported,t,False,insufficient_data,no_adjustment,False,,
253090,2024,CMR,,20.490008,,missing,t,False,insufficient_data,not_applicable,False,,
253090,2024,COD,,230.51468,,missing,t,False,insufficient_data,not_applicable,False,,
253090,2024,COG,,301.63849999999996,,missing,t,False,insufficient_data,not_applicable,False,,
253090,2024,COK,,0.032,,missing,t,False,insufficient_data,not_applicable,False,,
253090,2024,COL,748.68782,942.6374979999999,748.68782,reported,t,False,insufficient_data,no_adjustment,False,,
253090,2024,CRI,2.48284,20.551698000000002,2.48284,reported,t,False,insufficient_data,no_adjustment,False,,
253090,2024,CUB,,522.959,,missing,t,False,insufficient_data,not_applicable,False,,
253090,2024,CUW,,0.064,,missing,t,False,insufficient_data,not_applicable,False,,
253090,2024,CYP,2729.66,,2729.66,reported,t,False,insufficient_data,no_adjustment,False,,
253090,2024,CZE,,13220.929609,,missing,t,False,insufficient_data,not_applicable,False,,
253090,2024,DEU,171148.916,,171148.916,reported,t,False,non_lithium,no_adjustment,False,,
253090,2024,DJI,,48.0,,missing,t,False,insufficient_data,not_applicable,False,,
253090,2024,DMA,,16.929472,,missing,t,False,insufficient_data,not_applicable,False,,
253090,2024,DNK,149.993,362.521212,149.993,reported,t,False,non_lithium,no_adjustment,False,,
253090,2024,DOM,5.81863,,5.81863,reported,t,False,insufficient_data,no_adjustment,False,,
253090,2024,DZA,,16.008101,,missing,t,False,insufficient_data,not_applicable,False,,
253090,2024,ECU,1367.81652,1388.990312,1367.81652,reported,t,False,insufficient_data,no_adjustment,False,,
253090,2024,EGY,21.723860000000002,17369.693779999998,21.723860000000002,reported,t,False,insufficient_data,no_adjustment,False,,
253090,2024,ERI,,1.4929999999999999,,missing,t,False,insufficient_data,not_applicable,False,,
253090,2024,ESP,147509.75643,,147509.75643,reported,t,False,non_lithium,no_adjustment,False,,
253090,2024,EST,174.4895,447.662836,174.4895,reported,t,False,insufficient_data,no_adjustment,False,,
253090,2024,ETH,,4992.8108,,missing,t,False,insufficient_data,not_applicable,False,,
253090,2024,FIN,10368.301587,,10368.301587,reported,t,False,non_lithium,no_adjustment,False,,
253090,2024,FJI,9.21889,2.689,9.21889,reported,t,False,insufficient_data,no_adjustment,False,,
253090,2024,FRA,670964.35139,,670964.35139,reported,t,False,non_lithium,no_adjustment,False,,
253090,2024,GAB,,1.488,,missing,t,False,insufficient_data,not_applicable,False,,
253090,2024,GBR,,,,missing,t,False,non_lithium,not_applicable,False,,
253090,2024,GEO,15.9449,3.782969,15.9449,reported,t,False,insufficient_data,no_adjustment,False,,
253090,2024,GHA,0.048,353.21281,0.048,reported,t,False,insufficient_data,no_adjustment,False,,
253090,2024,GIB,,11.263,,missing,t,False,insufficient_data,not_applicable,False,,
253090,2024,GIN,,1.17177,,missing,t,False,insufficient_data,not_applicable,False,,
253090,2024,GRC,87172.751,,87172.751,reported,t,False,non_lithium,no_adjustment,False,,
253090,2024,GRL,,4.479017,,missing,t,False,insufficient_data,not_applicable,False,,
253090,2024,GTM,9854.878,9836.476618,9854.878,reported,t,False,insufficient_data,no_adjustment,False,,
253090,2024,GUY,0.08936,12.254,0.08936,reported,t,False,insufficient_data,no_adjustment,False,,
253090,2024,HKG,227.728,1760.74024,227.728,reported,t,False,non_lithium,no_adjustment,False,,
253090,2024,HND,,13.07558,,missing,t,False,insufficient_data,not_applicable,False,,
253090,2024,HRV,57.8887,109.369554,57.8887,reported,t,False,insufficient_data,no_adjustment,False,,
253090,2024,HTI,,0.012,,missing,t,False,insufficient_data,not_applicable,False,,
253090,2024,HUN,3569.2333,,3569.2333,reported,t,False,insufficient_data,no_adjustment,False,,
253090,2024,IDN,223224.77275499998,102764.36821900001,223224.77275499998,reported,t,False,non_lithium,no_adjustment,False,,
253090,2024,IND,87093.754,,87093.754,reported,t,False,review,no_adjustment,False,,
253090,2024,IRL,63.477,1027.81194,63.477,reported,t,False,insufficient_data,no_adjustment,False,,
253090,2024,IRN,,14329.542,,missing,t,False,non_lithium,not_applicable,False,,
253090,2024,IRQ,,2.6180000000000003,,missing,t,False,insufficient_data,not_applicable,False,,
253090,2024,ISL,0.352,141.716121,0.352,reported,t,False,insufficient_data,no_adjustment,False,,
253090,2024,ISR,,167.178356,,missing,t,False,insufficient_data,not_applicable,False,,
253090,2024,ITA,74883.637,,74883.637,reported,t,False,non_lithium,no_adjustment,False,,
253090,2024,JAM,,13456.136,,missing,t,False,insufficient_data,not_applicable,False,,
253090,2024,JOR,39781.196,,39781.196,reported,t,False,non_lithium,no_adjustment,False,,
253090,2024,JPN,92225.83969,33950.088053,92225.83969,reported,t,False,non_lithium,no_adjustment,False,,
253090,2024,KAZ,319753.9569,785.7557099999999,319753.9569,reported,t,False,non_lithium,no_adjustment,False,,
253090,2024,KEN,15004.462305,10795.808694,15004.462305,reported,t,False,non_lithium,no_adjustment,False,,
253090,2024,KGZ,374.087,369.413321,374.087,reported,t,False,insufficient_data,no_adjustment,False,,
253090,2024,KHM,3.6899499999999996,0.002,3.6899499999999996,reported,t,False,insufficient_data,no_adjustment,False,,
253090,2024,KOR,127907.94754099999,,127907.94754099999,reported,t,False,non_lithium,no_adjustment,False,,
253090,2024,KWT,,0.015,,missing,t,False,insufficient_data,not_applicable,False,,
253090,2024,LAO,,4074.123,,missing,t,False,insufficient_data,not_applicable,False,,
253090,2024,LBN,,0.004,,missing,t,False,insufficient_data,not_applicable,False,,
253090,2024,LBR,,3.9010000000000002,,missing,t,False,insufficient_data,not_applicable,False,,
253090,2024,LBY,,,,missing,t,False,insufficient_data,not_applicable,False,,
253090,2024,LCA,,0.011,,missing,t,False,insufficient_data,not_applicable,False,,
253090,2024,LKA,,7.052461,,missing,t,False,insufficient_data,not_applicable,False,,
253090,2024,LSO,0.001,0.01678,0.001,reported,t,False,insufficient_data,no_adjustment,False,,
253090,2024,LTU,230.33501500000003,718.6452939999999,230.33501500000003,reported,t,False,insufficient_data,no_adjustment,False,,
253090,2024,LUX,1763.01614,599631.23166,1763.01614,reported,t,False,insufficient_data,no_adjustment,False,,
253090,2024,LVA,359.641,4662.98747,359.641,reported,t,False,insufficient_data,no_adjustment,False,,
253090,2024,MAR,7842.7966799999995,5527.444491,7842.7966799999995,reported,t,False,non_lithium,no_adjustment,False,,
253090,2024,MDA,0.388,1.26424,0.388,reported,t,False,insufficient_data,no_adjustment,False,,
253090,2024,MDG,1483.94319,2503.054672,1483.94319,reported,t,False,insufficient_data,no_adjustment,False,,
253090,2024,MEX,104786.395,,104786.395,reported,t,False,non_lithium,no_adjustment,False,,
253090,2024,MHL,,174.155428,,missing,t,False,insufficient_data,not_applicable,False,,
253090,2024,MKD,64774.1,252.773,64774.1,reported,t,False,non_lithium,no_adjustment,False,,
253090,2024,MLI,,3.139474,,missing,t,False,insufficient_data,not_applicable,False,,
253090,2024,MLT,,0.19,,missing,t,False,insufficient_data,not_applicable,False,,
253090,2024,MMR,,1117.683,,missing,t,False,insufficient_data,not_applicable,False,,
253090,2024,MNE,0.026,0.026579,0.026,reported,t,False,insufficient_data,no_adjustment,False,,
253090,2024,MNG,,1315.014627,,missing,t,False,insufficient_data,not_applicable,False,,
253090,2024,MOZ,6481.93,10891.691780000001,6481.93,reported,t,False,insufficient_data,no_adjustment,False,,
253090,2024,MRT,0.12,16.969462,0.12,reported,t,False,insufficient_data,no_adjustment,False,,
253090,2024,MSR,,5522.68,,missing,t,False,insufficient_data,not_applicable,False,,
253090,2024,MUS,0.002,0.023,0.002,reported,t,False,insufficient_data,no_adjustment,False,,
253090,2024,MWI,68.50311,60.89275000000001,68.50311,reported,t,False,insufficient_data,no_adjustment,False,,
253090,2024,MYS,27112.08483,75460.622315,27112.08483,reported,t,False,non_lithium,no_adjustment,False,,
253090,2024,NAM,13606.60183,13708.49903,13606.60183,reported,t,False,non_lithium,no_adjustment,False,,
253090,2024,NCL,,0.24428099999999997,,missing,t,False,insufficient_data,not_applicable,False,,
253090,2024,NER,0.285,3.002,0.285,reported,t,False,insufficient_data,no_adjustment,False,,
253090,2024,NGA,6529.04,,6529.04,reported,t,False,insufficient_data,externally_confirmed,False,,
253090,2024,NIC,0.5691,0.8524200000000001,0.5691,reported,t,False,insufficient_data,no_adjustment,False,,
253090,2024,NLD,94174.515874,,94174.515874,reported,t,False,non_lithium,no_adjustment,False,,
253090,2024,NOR,67293.581,124999.883363,67293.581,reported,t,False,non_lithium,no_adjustment,False,,
253090,2024,NZL,10210.592,941.610666,10210.592,reported,t,False,non_lithium,no_adjustment,False,,
253090,2024,OMN,0.838,2.84,0.838,reported,t,False,insufficient_data,no_adjustment,False,,
253090,2024,PAK,361.0,1979.973143,361.0,reported,t,False,insufficient_data,no_adjustment,False,,
253090,2024,PAN,0.909,0.409312,0.909,reported,t,False,insufficient_data,no_adjustment,False,,
253090,2024,PER,,2171.896209,,missing,t,False,non_lithium,not_applicable,False,,
253090,2024,PHL,1.41389,787.3215,1.41389,reported,t,False,insufficient_data,no_adjustment,False,,
253090,2024,PNG,,3.182301,,missing,t,False,insufficient_data,not_applicable,False,,
253090,2024,POL,8093.6719,9368.355362,8093.6719,reported,t,False,non_lithium,no_adjustment,False,,
253090,2024,PRT,238.068084,,238.068084,reported,t,False,insufficient_data,no_adjustment,False,,
253090,2024,PRY,194.6,,194.6,reported,t,False,insufficient_data,no_adjustment,False,,
253090,2024,PYF,,0.858,,missing,t,False,insufficient_data,not_applicable,False,,
253090,2024,QAT,,3.06092,,missing,t,False,insufficient_data,not_applicable,False,,
253090,2024,ROU,1075.082574,253.597412,1075.082574,reported,t,False,insufficient_data,no_adjustment,False,,
253090,2024,RUS,,,,missing,t,False,non_lithium,not_applicable,False,,
253090,2024,RWA,,5597.02922,,missing,t,False,insufficient_data,not_applicable,False,,
253090,2024,SAU,10953.343,21000.817659,10953.343,reported,t,False,insufficient_data,no_adjustment,False,,
253090,2024,SDN,,,,missing,t,False,insufficient_data,not_applicable,False,,
253090,2024,SEN,9.334,500.848995,9.334,reported,t,False,insufficient_data,no_adjustment,False,,
253090,2024,SGP,20603.830348,,20603.830348,reported,t,False,insufficient_data,no_adjustment,False,,
253090,2024,SLB,,35.736,,missing,t,False,insufficient_data,not_applicable,False,,
253090,2024,SLE,,5.8382,,missing,t,False,non_lithium,not_applicable,False,,
253090,2024,SLV,2.026,25.0,2.026,reported,t,False,insufficient_data,no_adjustment,False,,
253090,2024,SOM,,286.88919999999996,,missing,t,False,insufficient_data,not_applicable,False,,
253090,2024,SRB,1735.513,379.53623,1735.513,reported,t,False,insufficient_data,no_adjustment,False,,
253090,2024,SUR,33.417,0.8450000000000001,33.417,reported,t,False,insufficient_data,no_adjustment,False,,
253090,2024,SVK,194788.624,,194788.624,reported,t,False,non_lithium,no_adjustment,False,,
253090,2024,SVN,2251.4260320000003,,2251.4260320000003,reported,t,False,insufficient_data,no_adjustment,False,,
253090,2024,SWE,63172.965422,63527.107576,63172.965422,reported,t,False,non_lithium,no_adjustment,False,,
253090,2024,SWZ,,0.0825,,missing,t,False,insufficient_data,not_applicable,False,,
253090,2024,SYR,,,,missing,t,False,insufficient_data,not_applicable,False,,
253090,2024,TCD,,0.56,,missing,t,False,insufficient_data,not_applicable,False,,
253090,2024,TGO,,0.279,,missing,t,False,insufficient_data,not_applicable,False,,
253090,2024,THA,20810.915,10433.607222,20810.915,reported,t,True,lithium,no_adjustment,False,,
253090,2024,TJK,,2383.44,,missing,t,False,insufficient_data,not_applicable,False,,
253090,2024,TKM,,0.007,,missing,t,False,insufficient_data,not_applicable,False,,
253090,2024,TLS,,0.016,,missing,t,False,insufficient_data,not_applicable,False,,
253090,2024,TTO,9.223,,9.223,reported,t,False,insufficient_data,no_adjustment,False,,
253090,2024,TUN,,5.794828,,missing,t,False,insufficient_data,not_applicable,False,,
253090,2024,TUR,251019.098,,251019.098,reported,t,False,non_lithium,no_adjustment,False,,
253090,2024,TZA,75.57606,1370.14014,75.57606,reported,t,False,insufficient_data,no_adjustment,False,,
253090,2024,UGA,3.45021,1452.85268,3.45021,reported,t,False,insufficient_data,no_adjustment,False,,
253090,2024,UKR,5135.74336,5487.36946,5135.74336,reported,t,False,non_lithium,no_adjustment,False,,
253090,2024,URY,0.406,3.757,0.406,reported,t,False,insufficient_data,no_adjustment,False,,
253090,2024,USA,79270.904,,79270.904,reported,t,False,non_lithium,no_adjustment,False,,
253090,2024,UZB,116.42,44.708,116.42,reported,t,False,insufficient_data,no_adjustment,False,,
253090,2024,VEN,,0.00147,,missing,t,False,insufficient_data,not_applicable,False,,
253090,2024,VNM,,810592.17714,,missing,t,False,insufficient_data,not_applicable,False,,
253090,2024,WSM,0.02,,0.02,reported,t,False,insufficient_data,no_adjustment,False,,
253090,2024,YEM,,155.76,,missing,t,False,insufficient_data,not_applicable,False,,
253090,2024,ZAF,954514.0224,999390.92224,954514.0224,reported,t,False,non_lithium,no_adjustment,False,,
253090,2024,ZMB,8.1,399.19162,8.1,reported,t,False,non_lithium,no_adjustment,False,,
253090,2024,ZWE,865611.48,1264876.35518,865611.48,reported,t,True,lithium,externally_conflicting,False,,
283691,2017,ARE,0.586,0.053,0.586,reported,t,True,unfiltered,no_adjustment,False,,
283691,2017,ARG,26268.923199999997,25827.135541,26268.923199999997,reported,t,True,unfiltered,no_adjustment,False,,
283691,2017,ARM,0.808,0.418,0.808,reported,t,True,unfiltered,no_adjustment,False,,
283691,2017,AUS,15.4701,16.274912,15.4701,reported,t,True,unfiltered,no_adjustment,False,,
283691,2017,AUT,4.53781,23.209,4.53781,reported,t,True,unfiltered,no_adjustment,False,,
283691,2017,BEL,7321.448187,1581.75654,7321.448187,reported,t,True,unfiltered,no_adjustment,False,,
283691,2017,BGR,,0.005,,missing,t,False,unfiltered,not_applicable,False,,
283691,2017,BOL,45.01,45.0,45.01,reported,t,True,unfiltered,no_adjustment,False,,
283691,2017,BRA,0.001,1.2501,1.2501,mirror_missing_report,t,True,unfiltered,unverified,True,,
283691,2017,CAN,4.863,4.912474,4.863,reported,t,True,unfiltered,no_adjustment,False,,
283691,2017,CHE,22.223901,27.844141,22.223901,reported,t,True,unfiltered,no_adjustment,False,,
283691,2017,CHL,65275.683,72219.323843,65275.683,reported,t,True,unfiltered,no_adjustment,False,,
283691,2017,CHN,1495.902,1430.295378,1495.902,reported,t,True,unfiltered,no_adjustment,False,,
283691,2017,COL,0.15213,,0.15213,reported,t,True,unfiltered,no_adjustment,False,,
283691,2017,CZE,3.799,5.355030999999999,3.799,reported,t,True,unfiltered,no_adjustment,False,,
283691,2017,DEU,3046.1657710000004,2874.752,3046.1657710000004,reported,t,True,unfiltered,no_adjustment,False,,
283691,2017,DNK,14.262,223.827,14.262,reported,t,True,unfiltered,no_adjustment,False,,
283691,2017,ESP,,38.414268,,missing,t,False,unfiltered,not_applicable,False,,
283691,2017,EST,,0.003,,missing,t,False,unfiltered,not_applicable,False,,
283691,2017,FIN,,0.006,,missing,t,False,unfiltered,not_applicable,False,,
283691,2017,FRA,257.005,474.550828,257.005,reported,t,True,unfiltered,no_adjustment,False,,
283691,2017,GBR,769.557,780.236026,769.557,reported,t,True,unfiltered,no_adjustment,False,,
283691,2017,GRC,,0.000245,,missing,t,False,unfiltered,not_applicable,False,,
283691,2017,GTM,0.321,,0.321,reported,t,True,unfiltered,no_adjustment,False,,
283691,2017,HKG,,0.1,,missing,t,False,unfiltered,not_applicable,False,,
283691,2017,HRV,0.249,,0.249,reported,t,True,unfiltered,no_adjustment,False,,
283691,2017,HUN,0.037,0.001,0.037,reported,t,True,unfiltered,no_adjustment,False,,
283691,2017,IDN,0.024,,0.024,reported,t,True,unfiltered,no_adjustment,False,,
283691,2017,IND,189.933589,19.758138,189.933589,reported,t,True,unfiltered,no_adjustment,False,,
283691,2017,IRL,0.884,820.983,0.884,reported,t,True,unfiltered,no_adjustment,False,,
283691,2017,IRN,0.9,,0.9,reported,t,True,unfiltered,no_adjustment,False,,
283691,2017,ISR,,20.00002,,missing,t,False,unfiltered,not_applicable,False,,
283691,2017,ITA,180.144,143.192064,180.144,reported,t,True,unfiltered,no_adjustment,False,,
283691,2017,JPN,145.916,1694.2238160000002,145.916,reported,t,True,unfiltered,no_adjustment,False,,
283691,2017,KGZ,,0.09,,missing,t,False,unfiltered,not_applicable,False,,
283691,2017,KOR,2290.07214,1120.6428,2290.07214,reported,t,True,unfiltered,no_adjustment,False,,
283691,2017,LTU,0.603,0.000164,0.603,reported,t,True,unfiltered,no_adjustment,False,,
283691,2017,LVA,20.0,0.081,20.0,reported,t,True,unfiltered,no_adjustment,False,,
283691,2017,MEX,,0.0041340000000000005,,missing,t,False,unfiltered,not_applicable,False,,
283691,2017,MYS,,0.175,,missing,t,False,unfiltered,not_applicable,False,,
283691,2017,NLD,182.064,215.242,182.064,reported,t,True,unfiltered,no_adjustment,False,,
283691,2017,NOR,1.733,0.145,1.733,reported,t,True,unfiltered,no_adjustment,False,,
283691,2017,NZL,0.049,,0.049,reported,t,True,unfiltered,no_adjustment,False,,
283691,2017,PER,0.175,0.175,0.175,reported,t,True,unfiltered,no_adjustment,False,,
283691,2017,POL,14.603,3.661164,14.603,reported,t,True,unfiltered,no_adjustment,False,,
283691,2017,PRT,0.05,0.05,0.05,mirror_missing_report,t,True,unfiltered,unverified,True,,
283691,2017,ROU,0.003,0.026,0.003,reported,t,True,unfiltered,no_adjustment,False,,
283691,2017,RUS,104.09912,958.622,104.09912,reported,t,True,unfiltered,no_adjustment,False,,
283691,2017,SGP,12.86933,0.1,12.86933,reported,t,True,unfiltered,no_adjustment,False,,
283691,2017,SVK,1.647,0.001,1.647,reported,t,True,unfiltered,no_adjustment,False,,
283691,2017,SVN,127.4183,138.76635,127.4183,reported,t,True,unfiltered,no_adjustment,False,,
283691,2017,SWE,8.009185,7.081,8.009185,reported,t,True,unfiltered,no_adjustment,False,,
283691,2017,THA,58.6,0.156583,58.6,reported,t,True,unfiltered,no_adjustment,False,,
283691,2017,TTO,0.75,,0.75,reported,t,True,unfiltered,no_adjustment,False,,
283691,2017,TUR,0.243,1595.0,0.243,reported,t,True,unfiltered,no_adjustment,False,,
283691,2017,USA,2309.372,377.548786,2309.372,reported,t,True,unfiltered,no_adjustment,False,,
283691,2017,ZAF,14.336,1.153456,14.336,reported,t,True,unfiltered,no_adjustment,False,,
283691,2017,ZWE,,314.675,314.675,mirror_missing_report,t,True,unfiltered,unverified,True,,
283691,2018,ARE,3.86224,0.128,3.86224,reported,t,True,unfiltered,no_adjustment,False,,
283691,2018,ARG,,28637.646861,28637.646861,mirror_missing_report,t,True,unfiltered,unverified,True,,
283691,2018,AUS,8.3,5.991404,8.3,reported,t,True,unfiltered,no_adjustment,False,,
283691,2018,AUT,5.618614,14.429759,5.618614,reported,t,True,unfiltered,no_adjustment,False,,
283691,2018,BEL,8207.50965,1932.1322,8207.50965,reported,t,True,unfiltered,no_adjustment,False,,
283691,2018,BGR,0.102,0.865,0.102,reported,t,True,unfiltered,no_adjustment,False,,
283691,2018,BLR,0.001,0.001,0.001,reported,t,True,unfiltered,no_adjustment,False,,
283691,2018,BOL,30.0,48.164,30.0,reported,t,True,unfiltered,no_adjustment,False,,
283691,2018,BRA,,0.001,0.001,mirror_missing_report,t,True,unfiltered,unverified,True,,
283691,2018,CAN,0.049,1.114802,1.114802,mirror_missing_report,t,True,unfiltered,unverified,True,,
283691,2018,CHE,10.941,55.290673,10.941,reported,t,True,unfiltered,no_adjustment,False,,
283691,2018,CHL,71830.938,77970.87459,71830.938,reported,t,True,unfiltered,no_adjustment,False,,
283691,2018,CHN,11131.470631999999,9131.397742,11131.470631999999,reported,t,True,unfiltered,no_adjustment,False,,
283691,2018,COL,0.09333,,0.09333,reported,t,True,unfiltered,no_adjustment,False,,
283691,2018,CZE,10.896038,3.54418,10.896038,reported,t,True,unfiltered,no_adjustment,False,,
283691,2018,DEU,2909.971554,1669.25153,2909.971554,reported,t,True,unfiltered,no_adjustment,False,,
283691,2018,DNK,34.091,30.693,34.091,reported,t,True,unfiltered,no_adjustment,False,,
283691,2018,ESP,182.98729999999998,63.055799,182.98729999999998,reported,t,True,unfiltered,no_adjustment,False,,
283691,2018,EST,,0.004,,missing,t,False,unfiltered,not_applicable,False,,
283691,2018,FIN,0.001,0.014,0.001,reported,t,True,unfiltered,no_adjustment,False,,
283691,2018,FRA,456.672467,464.11537699999997,456.672467,reported,t,True,unfiltered,no_adjustment,False,,
283691,2018,GBR,851.118873,781.026481,851.118873,reported,t,True,unfiltered,no_adjustment,False,,
283691,2018,GRC,,0.082,,missing,t,False,unfiltered,not_applicable,False,,
283691,2018,GTM,0.032,,0.032,reported,t,True,unfiltered,no_adjustment,False,,
283691,2018,HKG,0.06,0.009955,0.06,reported,t,True,unfiltered,no_adjustment,False,,
283691,2018,HRV,0.006,0.002,0.006,reported,t,True,unfiltered,no_adjustment,False,,
283691,2018,HUN,1.224465,39.0955,1.224465,reported,t,True,unfiltered,no_adjustment,False,,
283691,2018,IDN,,0.21,,missing,t,False,unfiltered,not_applicable,False,,
283691,2018,IND,641.587103,19.451782,641.587103,reported,t,True,unfiltered,no_adjustment,False,,
283691,2018,IRL,0.325,540.446,0.325,reported,t,True,unfiltered,no_adjustment,False,,
283691,2018,ISR,6.157895000000001,1.87535,6.157895000000001,reported,t,True,unfiltered,no_adjustment,False,,
283691,2018,ITA,121.301,72.355813,121.301,reported,t,True,unfiltered,no_adjustment,False,,
283691,2018,JPN,38.255,446.00839399999995,38.255,reported,t,True,unfiltered,no_adjustment,False,,
283691,2018,KOR,1490.254,1402.30708,1490.254,reported,t,True,unfiltered,no_adjustment,False,,
283691,2018,LTU,,0.051,,missing,t,False,unfiltered,not_applicable,False,,
283691,2018,LUX,,2.1444,,missing,t,False,unfiltered,not_applicable,False,,
283691,2018,LVA,19.86,20.669,19.86,reported,t,True,unfiltered,no_adjustment,False,,
283691,2018,MEX,,0.03,,missing,t,False,unfiltered,not_applicable,False,,
283691,2018,MNG,,0.1,,missing,t,False,unfiltered,not_applicable,False,,
283691,2018,MYS,0.15,0.15,0.15,reported,t,True,unfiltered,no_adjustment,False,,
283691,2018,NLD,257.294,144.550402,257.294,reported,t,True,unfiltered,no_adjustment,False,,
283691,2018,NOR,,0.001,,missing,t,False,unfiltered,not_applicable,False,,
283691,2018,NZL,1.146,1.1,1.146,reported,t,True,unfiltered,no_adjustment,False,,
283691,2018,PER,7.775,20.975,7.775,reported,t,True,unfiltered,no_adjustment,False,,
283691,2018,POL,19.41,4.72,19.41,reported,t,True,unfiltered,no_adjustment,False,,
283691,2018,PRT,1.125,1264.65,1.125,reported,t,True,unfiltered,no_adjustment,False,,
283691,2018,ROU,1.0,0.027,1.0,reported,t,True,unfiltered,no_adjustment,False,,
283691,2018,RUS,0.55632,1.4592399999999999,1.4592399999999999,mirror_missing_report,t,True,unfiltered,unverified,True,,
283691,2018,SAU,2.264084,,2.264084,reported,t,True,unfiltered,no_adjustment,False,,
283691,2018,SGP,21.95108,3.531,21.95108,reported,t,True,unfiltered,no_adjustment,False,,
283691,2018,SLE,,0.25,,missing,t,False,unfiltered,not_applicable,False,,
283691,2018,SRB,0.0021579999999999998,,0.0021579999999999998,reported,t,True,unfiltered,no_adjustment,False,,
283691,2018,SVK,0.477,0.006,0.477,reported,t,True,unfiltered,no_adjustment,False,,
283691,2018,SVN,139.87638,132.636,139.87638,reported,t,True,unfiltered,no_adjustment,False,,
283691,2018,SWE,20.158227999999998,24.011746000000002,20.158227999999998,reported,t,True,unfiltered,no_adjustment,False,,
283691,2018,THA,267.7,0.075,267.7,reported,t,True,unfiltered,no_adjustment,False,,
283691,2018,TUR,1.9,395.818022,1.9,reported,t,True,unfiltered,no_adjustment,False,,
283691,2018,USA,1938.569,583.3872709999999,1938.569,reported,t,True,unfiltered,no_adjustment,False,,
283691,2018,VNM,6.4823580000000005,15.966,6.4823580000000005,reported,t,True,unfiltered,no_adjustment,False,,
283691,2018,ZAF,36.24344,59.733302,36.24344,reported,t,True,unfiltered,no_adjustment,False,,
283691,2018,ZWE,,0.012,0.012,mirror_missing_report,t,True,unfiltered,unverified,True,,
283691,2019,ARE,3.1047,0.3581,3.1047,reported,t,True,unfiltered,no_adjustment,False,,
283691,2019,ARG,,27663.4002,27663.4002,mirror_missing_report,t,True,unfiltered,unverified,True,,
283691,2019,AUS,2.58413,2.4116,2.58413,reported,t,True,unfiltered,no_adjustment,False,,
283691,2019,AUT,14.705439,171.338714,14.705439,reported,t,True,unfiltered,no_adjustment,False,,
283691,2019,BEL,6880.63579,4609.743792,6880.63579,reported,t,True,unfiltered,no_adjustment,False,,
283691,2019,BGR,,2.488,,missing,t,False,unfiltered,not_applicable,False,,
283691,2019,BRA,0.00045,,0.00045,reported,t,True,unfiltered,no_adjustment,False,,
283691,2019,CAN,13.533,0.19539,13.533,reported,t,True,unfiltered,no_adjustment,False,,
283691,2019,CHE,23.308277999999998,53.440818,23.308277999999998,reported,t,True,unfiltered,no_adjustment,False,,
283691,2019,CHL,82344.06640000001,85297.687688,82344.06640000001,reported,t,True,unfiltered,no_adjustment,False,,
283691,2019,CHN,12932.972,13204.697229000001,12932.972,reported,t,True,unfiltered,no_adjustment,False,,
283691,2019,CZE,5.402,0.316291,5.402,reported,t,True,unfiltered,no_adjustment,False,,
283691,2019,DEU,2546.220616,2143.97461,2546.220616,reported,t,True,unfiltered,no_adjustment,False,,
283691,2019,DNK,41.056,49.250938,41.056,reported,t,True,unfiltered,no_adjustment,False,,
283691,2019,EGY,,0.63,,missing,t,False,unfiltered,not_applicable,False,,
283691,2019,ESP,710.1295,128.27268,710.1295,reported,t,True,unfiltered,no_adjustment,False,,
283691,2019,EST,,0.051,,missing,t,False,unfiltered,not_applicable,False,,
283691,2019,FIN,,1.023,,missing,t,False,unfiltered,not_applicable,False,,
283691,2019,FRA,625.321,429.877596,625.321,reported,t,True,unfiltered,no_adjustment,False,,
283691,2019,GBR,650.074,675.79976,650.074,reported,t,True,unfiltered,no_adjustment,False,,
283691,2019,GRC,,0.027,,missing,t,False,unfiltered,not_applicable,False,,
283691,2019,GTM,0.121,,0.121,reported,t,True,unfiltered,no_adjustment,False,,
283691,2019,HKG,9.6,10.600999999999999,9.6,reported,t,True,unfiltered,no_adjustment,False,,
283691,2019,HRV,0.204,0.002,0.204,reported,t,True,unfiltered,no_adjustment,False,,
283691,2019,HUN,0.036,0.012,0.036,reported,t,True,unfiltered,no_adjustment,False,,
283691,2019,IND,419.699865,35.16944,419.699865,reported,t,True,unfiltered,no_adjustment,False,,
283691,2019,IRL,0.056,200.083,0.056,reported,t,True,unfiltered,no_adjustment,False,,
283691,2019,IRN,1.325,,1.325,reported,t,True,unfiltered,no_adjustment,False,,
283691,2019,ITA,114.707,80.281237,114.707,reported,t,True,unfiltered,no_adjustment,False,,
283691,2019,JPN,62.714,287.4554,62.714,reported,t,True,unfiltered,no_adjustment,False,,
283691,2019,KAZ,,0.01,,missing,t,False,unfiltered,not_applicable,False,,
283691,2019,KOR,1456.18478,260.0691,1456.18478,reported,t,True,unfiltered,no_adjustment,False,,
283691,2019,LTU,0.0007,0.060399999999999995,0.0007,reported,t,True,unfiltered,no_adjustment,False,,
283691,2019,LVA,0.02,0.054,0.02,reported,t,True,unfiltered,no_adjustment,False,,
283691,2019,MAR,0.0005,,0.0005,reported,t,True,unfiltered,no_adjustment,False,,
283691,2019,MEX,,0.47492300000000004,,missing,t,False,unfiltered,not_applicable,False,,
283691,2019,MYS,0.6,2.8000000000000003,0.6,reported,t,True,unfiltered,no_adjustment,False,,
283691,2019,NGA,,0.001,,missing,t,False,unfiltered,not_applicable,False,,
283691,2019,NLD,6210.756,1176.5306600000001,6210.756,reported,t,True,unfiltered,no_adjustment,False,,
283691,2019,NZL,0.037,,0.037,reported,t,True,unfiltered,no_adjustment,False,,
283691,2019,PER,5.0,10.5,5.0,reported,t,True,unfiltered,no_adjustment,False,,
283691,2019,POL,15.373,3.2425,15.373,reported,t,True,unfiltered,no_adjustment,False,,
283691,2019,PRT,,624.481,624.481,mirror_missing_report,t,True,unfiltered,unverified,True,,
283691,2019,ROU,0.039,0.011,0.039,reported,t,True,unfiltered,no_adjustment,False,,
283691,2019,RUS,1.0452000000000001,1.389284,1.0452000000000001,reported,t,True,unfiltered,no_adjustment,False,,
283691,2019,SGP,15.37825,37.79336,15.37825,reported,t,True,unfiltered,no_adjustment,False,,
283691,2019,SVK,,0.047,,missing,t,False,unfiltered,not_applicable,False,,
283691,2019,SVN,188.39692000000002,258.774,188.39692000000002,reported,t,True,unfiltered,no_adjustment,False,,
283691,2019,SWE,15.023089,16.2441,15.023089,reported,t,True,unfiltered,no_adjustment,False,,
283691,2019,THA,269.5,0.138265,269.5,reported,t,True,unfiltered,no_adjustment,False,,
283691,2019,TUN,,4.870253,,missing,t,False,unfiltered,not_applicable,False,,
283691,2019,TUR,0.567,0.05,0.567,reported,t,True,unfiltered,no_adjustment,False,,
283691,2019,USA,1230.34,309.767514,1230.34,reported,t,True,unfiltered,no_adjustment,False,,
283691,2019,ZAF,9.20741,0.541312,9.20741,reported,t,True,unfiltered,no_adjustment,False,,
283691,2020,ARE,11.74442,,11.74442,reported,t,True,unfiltered,no_adjustment,False,,
283691,2020,ARG,14134.4,25679.803758,25679.803758,mirror_underreported,t,True,unfiltered,unverified,True,,
283691,2020,AUS,9.8629,5.761365,9.8629,reported,t,True,unfiltered,no_adjustment,False,,
283691,2020,AUT,21.973812000000002,95.65443,21.973812000000002,reported,t,True,unfiltered,no_adjustment,False,,
283691,2020,BEL,4456.075019999999,2223.9238100000002,4456.075019999999,reported,t,True,unfiltered,no_adjustment,False,,
283691,2020,BGR,,1.7169999999999999,,missing,t,False,unfiltered,not_applicable,False,,
283691,2020,BRA,0.23303800000000002,0.24500999999999998,0.24500999999999998,mirror_missing_report,t,True,unfiltered,unverified,True,,
283691,2020,CAN,0.013,9.02565,9.02565,mirror_missing_report,t,True,unfiltered,unverified,True,,
283691,2020,CHE,14.147932,8.659436,14.147932,reported,t,True,unfiltered,no_adjustment,False,,
283691,2020,CHL,97696.8374,100888.46255699999,97696.8374,reported,t,True,unfiltered,no_adjustment,False,,
283691,2020,CHN,7488.087028,6874.602856,7488.087028,reported,t,True,unfiltered,no_adjustment,False,,
283691,2020,CYP,,0.000285,,missing,t,False,unfiltered,not_applicable,False,,
283691,2020,CZE,3.896,0.059814,3.896,reported,t,True,unfiltered,no_adjustment,False,,
283691,2020,DEU,2095.261814,1665.139193,2095.261814,reported,t,True,unfiltered,no_adjustment,False,,
283691,2020,DNK,31.049,44.456,31.049,reported,t,True,unfiltered,no_adjustment,False,,
283691,2020,ESP,189.04425,32.3725,189.04425,reported,t,True,unfiltered,no_adjustment,False,,
283691,2020,EST,,0.001,,missing,t,False,unfiltered,not_applicable,False,,
283691,2020,FIN,0.00312,0.10125400000000001,0.00312,reported,t,True,unfiltered,no_adjustment,False,,
283691,2020,FRA,695.086351,643.487282,695.086351,reported,t,True,unfiltered,no_adjustment,False,,
283691,2020,GBR,697.063,484.810948,697.063,reported,t,True,unfiltered,no_adjustment,False,,
283691,2020,GRC,0.05,0.052279000000000006,0.05,reported,t,True,unfiltered,no_adjustment,False,,
283691,2020,GTM,0.362,0.0004,0.362,reported,t,True,unfiltered,no_adjustment,False,,
283691,2020,HKG,,57.497499999999995,,missing,t,False,unfiltered,not_applicable,False,,
283691,2020,HRV,1.3045,8.64,1.3045,reported,t,True,unfiltered,no_adjustment,False,,
283691,2020,HUN,12.464231999999999,0.062,12.464231999999999,reported,t,True,unfiltered,no_adjustment,False,,
283691,2020,IND,310.615147,2.775021,310.615147,reported,t,True,unfiltered,no_adjustment,False,,
283691,2020,IRL,100.207,300.998,100.207,reported,t,True,unfiltered,no_adjustment,False,,
283691,2020,IRN,31.8,,31.8,reported,t,True,unfiltered,no_adjustment,False,,
283691,2020,ITA,102.382,87.992,102.382,reported,t,True,unfiltered,no_adjustment,False,,
283691,2020,JPN,42.601,49.09751,42.601,reported,t,True,unfiltered,no_adjustment,False,,
283691,2020,KAZ,,0.0002,,missing,t,False,unfiltered,not_applicable,False,,
283691,2020,KEN,0.1,,0.1,reported,t,True,unfiltered,no_adjustment,False,,
283691,2020,KOR,1561.7105,254.15506,1561.7105,reported,t,True,unfiltered,no_adjustment,False,,
283691,2020,LTU,4.3015799999999995,0.162,4.3015799999999995,reported,t,True,unfiltered,no_adjustment,False,,
283691,2020,LVA,0.16,0.068,0.16,reported,t,True,unfiltered,no_adjustment,False,,
283691,2020,MYS,1.3464,5.0,1.3464,reported,t,True,unfiltered,no_adjustment,False,,
283691,2020,NGA,,15.5,,missing,t,False,unfiltered,not_applicable,False,,
283691,2020,NLD,10554.56223,844.28697,10554.56223,reported,t,True,unfiltered,no_adjustment,False,,
283691,2020,NZL,0.018,,0.018,reported,t,True,unfiltered,no_adjustment,False,,
283691,2020,OMN,,10.0,,missing,t,False,unfiltered,not_applicable,False,,
283691,2020,POL,7.045,5.185142,7.045,reported,t,True,unfiltered,no_adjustment,False,,
283691,2020,PRT,1.29,27.461000000000002,1.29,reported,t,True,unfiltered,no_adjustment,False,,
283691,2020,ROU,,0.005,,missing,t,False,unfiltered,not_applicable,False,,
283691,2020,RUS,15.452,18.651042,15.452,reported,t,True,unfiltered,no_adjustment,False,,
283691,2020,SAU,0.005,,0.005,reported,t,True,unfiltered,no_adjustment,False,,
283691,2020,SGP,18.782790000000002,20.744300000000003,18.782790000000002,reported,t,True,unfiltered,no_adjustment,False,,
283691,2020,SVK,,0.01,,missing,t,False,unfiltered,not_applicable,False,,
283691,2020,SVN,97.78771,150.2461,97.78771,reported,t,True,unfiltered,no_adjustment,False,,
283691,2020,SWE,1.341463,4.907041,1.341463,reported,t,True,unfiltered,no_adjustment,False,,
283691,2020,THA,277.06,0.3117,277.06,reported,t,True,unfiltered,no_adjustment,False,,
283691,2020,TUR,0.767,0.6204999999999999,0.767,reported,t,True,unfiltered,no_adjustment,False,,
283691,2020,USA,1612.807,278.375368,1612.807,reported,t,True,unfiltered,no_adjustment,False,,
283691,2020,ZAF,24.88432,1.83,24.88432,reported,t,True,unfiltered,no_adjustment,False,,
283691,2020,ZWE,0.0043,,0.0043,reported,t,True,unfiltered,no_adjustment,False,,
283691,2021,ARE,1.756,29.02,1.756,reported,t,True,unfiltered,no_adjustment,False,,
283691,2021,ARG,,30596.223472,30596.223472,mirror_missing_report,t,True,unfiltered,unverified,True,,
283691,2021,AUS,42.849,0.5650000000000001,42.849,reported,t,True,unfiltered,no_adjustment,False,,
283691,2021,AUT,42.454,29.249088999999998,42.454,reported,t,True,unfiltered,no_adjustment,False,,
283691,2021,BEL,4457.67091,4055.3695199999997,4457.67091,reported,t,True,unfiltered,no_adjustment,False,,
283691,2021,BGR,,1.506275,,missing,t,False,unfiltered,not_applicable,False,,
283691,2021,BOL,1009.0,393.83000000000004,1009.0,reported,t,True,unfiltered,no_adjustment,False,,
283691,2021,BRA,0.166,0.20600000000000002,0.20600000000000002,mirror_missing_report,t,True,unfiltered,unverified,True,,
283691,2021,CAN,12.32,4.15772,12.32,reported,t,True,unfiltered,no_adjustment,False,,
283691,2021,CHE,12.83,24.70079,12.83,reported,t,True,unfiltered,no_adjustment,False,,
283691,2021,CHL,134060.077,140639.869719,134060.077,reported,t,True,unfiltered,no_adjustment,False,,
283691,2021,CHN,7840.802868,,7840.802868,reported,t,True,unfiltered,no_adjustment,False,,
283691,2021,CZE,5.537,57.462816,5.537,reported,t,True,unfiltered,no_adjustment,False,,
283691,2021,DEU,2735.207184,,2735.207184,reported,t,True,unfiltered,no_adjustment,False,,
283691,2021,DNK,44.833,51.125,44.833,reported,t,True,unfiltered,no_adjustment,False,,
283691,2021,EGY,,0.000107,,missing,t,False,unfiltered,not_applicable,False,,
283691,2021,ESP,148.97251,104.452516,148.97251,reported,t,True,unfiltered,no_adjustment,False,,
283691,2021,EST,,0.011,,missing,t,False,unfiltered,not_applicable,False,,
283691,2021,FIN,,0.003,,missing,t,False,unfiltered,not_applicable,False,,
283691,2021,FRA,,723.835664,,missing,t,False,unfiltered,not_applicable,False,,
283691,2021,GBR,1469.826881,1112.645305,1469.826881,reported,t,True,unfiltered,no_adjustment,False,,
283691,2021,GRC,0.983,0.501174,0.983,reported,t,True,unfiltered,no_adjustment,False,,
283691,2021,GTM,0.075,,0.075,reported,t,True,unfiltered,no_adjustment,False,,
283691,2021,HKG,659.6,34.292,659.6,reported,t,True,unfiltered,no_adjustment,False,,
283691,2021,HRV,1.127,,1.127,reported,t,True,unfiltered,no_adjustment,False,,
283691,2021,HUN,1.031,1.0479999999999998,1.031,reported,t,True,unfiltered,no_adjustment,False,,
283691,2021,IDN,,0.000255,,missing,t,False,unfiltered,not_applicable,False,,
283691,2021,IND,462.042,24.318891,462.042,reported,t,True,unfiltered,no_adjustment,False,,
283691,2021,IRL,412.213,300.299,412.213,reported,t,True,unfiltered,no_adjustment,False,,
283691,2021,IRN,24.0,20.9,24.0,reported,t,True,unfiltered,no_adjustment,False,,
283691,2021,ISR,0.840389,0.002,0.840389,reported,t,True,unfiltered,no_adjustment,False,,
283691,2021,ITA,192.479,191.2243,192.479,reported,t,True,unfiltered,no_adjustment,False,,
283691,2021,JPN,177.74,291.691643,177.74,reported,t,True,unfiltered,no_adjustment,False,,
283691,2021,KOR,4031.6079,1248.7926,4031.6079,reported,t,True,unfiltered,no_adjustment,False,,
283691,2021,LBN,,0.021789000000000003,,missing,t,False,unfiltered,not_applicable,False,,
283691,2021,LTU,21.60061,0.016,21.60061,reported,t,True,unfiltered,no_adjustment,False,,
283691,2021,LUX,,0.000587,,missing,t,False,unfiltered,not_applicable,False,,
283691,2021,LVA,0.14,0.028999999999999998,0.14,reported,t,True,unfiltered,no_adjustment,False,,
283691,2021,MEX,,18.812,,missing,t,False,unfiltered,not_applicable,False,,
283691,2021,MLT,,0.000587,,missing,t,False,unfiltered,not_applicable,False,,
283691,2021,MYS,0.4,,0.4,reported,t,True,unfiltered,no_adjustment,False,,
283691,2021,NAM,0.2,0.25,0.25,mirror_missing_report,t,True,unfiltered,unverified,True,,
283691,2021,NGA,150.0,0.017,150.0,reported,t,True,unfiltered,no_adjustment,False,,
283691,2021,NLD,7345.130444,721.513062,7345.130444,reported,t,True,unfiltered,no_adjustment,False,,
283691,2021,NZL,0.031,,0.031,reported,t,True,unfiltered,no_adjustment,False,,
283691,2021,PER,7.0,7.0,7.0,reported,t,True,unfiltered,no_adjustment,False,,
283691,2021,POL,18.319804,4.4600100000000005,18.319804,reported,t,True,unfiltered,no_adjustment,False,,
283691,2021,PRT,,193.501,193.501,mirror_missing_report,t,True,unfiltered,unverified,True,,
283691,2021,ROU,,0.000391,,missing,t,False,unfiltered,not_applicable,False,,
283691,2021,RUS,0.5641,12.206691000000001,12.206691000000001,mirror_missing_report,t,True,unfiltered,unverified,True,,
283691,2021,RWA,25.0,,25.0,reported,t,True,unfiltered,no_adjustment,False,,
283691,2021,SGP,11.73406,16.43192,11.73406,reported,t,True,unfiltered,no_adjustment,False,,
283691,2021,SRB,,0.0023,,missing,t,False,unfiltered,not_applicable,False,,
283691,2021,SVK,,0.389,,missing,t,False,unfiltered,not_applicable,False,,
283691,2021,SVN,102.80072,93.734,102.80072,reported,t,True,unfiltered,no_adjustment,False,,
283691,2021,SWE,8.571429,24.403968,8.571429,reported,t,True,unfiltered,no_adjustment,False,,
283691,2021,THA,97.15,0.28926,97.15,reported,t,True,unfiltered,no_adjustment,False,,
283691,2021,TUR,1.006,0.02,1.006,reported,t,True,unfiltered,no_adjustment,False,,
283691,2021,USA,3330.083,1726.391079,3330.083,reported,t,True,unfiltered,no_adjustment,False,,
283691,2021,UZB,,0.050325,,missing,t,False,unfiltered,not_applicable,False,,
283691,2021,ZAF,18.52641,0.10586999999999999,18.52641,reported,t,True,unfiltered,no_adjustment,False,,
283691,2021,ZWE,,0.072,0.072,mirror_missing_report,t,True,unfiltered,unverified,True,,
283691,2022,ARE,0.18,5.009,0.18,reported,t,True,unfiltered,no_adjustment,False,,
283691,2022,ARG,,29803.055815,29803.055815,mirror_missing_report,t,True,unfiltered,unverified,True,,
283691,2022,AUS,19.091,1.0583,19.091,reported,t,True,unfiltered,no_adjustment,False,,
283691,2022,AUT,17.275568,249.077144,17.275568,reported,t,True,unfiltered,no_adjustment,False,,
283691,2022,BEL,5868.47801,1749.5705719999999,5868.47801,reported,t,True,unfiltered,no_adjustment,False,,
283691,2022,BGR,,0.263391,,missing,t,False,unfiltered,not_applicable,False,,
283691,2022,BOL,630.003,55.131,630.003,reported,t,True,unfiltered,no_adjustment,False,,
283691,2022,BRA,114.55756,72.279368,114.55756,reported,t,True,unfiltered,no_adjustment,False,,
283691,2022,CAN,1.371,0.169729,1.371,reported,t,True,unfiltered,no_adjustment,False,,
283691,2022,CHE,2.4124160000000003,41.633,2.4124160000000003,reported,t,True,unfiltered,no_adjustment,False,,
283691,2022,CHL,198631.38,202422.125681,198631.38,reported,t,True,unfiltered,no_adjustment,False,,
283691,2022,CHN,10433.246185,10045.409499000001,10433.246185,reported,t,True,unfiltered,no_adjustment,False,,
283691,2022,CYP,,0.011,,missing,t,False,unfiltered,not_applicable,False,,
283691,2022,CZE,8.786,107.766455,8.786,reported,t,True,unfiltered,no_adjustment,False,,
283691,2022,DEU,2159.8012089999997,1063.201127,2159.8012089999997,reported,t,True,unfiltered,no_adjustment,False,,
283691,2022,DNK,35.477,38.926,35.477,reported,t,True,unfiltered,no_adjustment,False,,
283691,2022,EGY,,4.4999999999999996e-05,,missing,t,False,unfiltered,not_applicable,False,,
283691,2022,ESP,37.94775,61.950131,37.94775,reported,t,True,unfiltered,no_adjustment,False,,
283691,2022,EST,0.054700000000000006,0.185,0.054700000000000006,reported,t,True,unfiltered,no_adjustment,False,,
283691,2022,FIN,0.035,1.699,0.035,reported,t,True,unfiltered,no_adjustment,False,,
283691,2022,FRA,721.266393,234.859734,721.266393,reported,t,True,unfiltered,no_adjustment,False,,
283691,2022,GBR,1458.948,1668.34755,1458.948,reported,t,True,unfiltered,no_adjustment,False,,
283691,2022,GRC,0.12,0.405,0.12,reported,t,True,unfiltered,no_adjustment,False,,
283691,2022,GTM,0.889,,0.889,reported,t,True,unfiltered,no_adjustment,False,,
283691,2022,HKG,2.006,37.062,2.006,reported,t,True,unfiltered,no_adjustment,False,,
283691,2022,HRV,0.5015,0.5640000000000001,0.5015,reported,t,True,unfiltered,no_adjustment,False,,
283691,2022,HUN,17.175,6.879015,17.175,reported,t,True,unfiltered,no_adjustment,False,,
283691,2022,IND,489.799831,49.87881599999999,489.799831,reported,t,True,unfiltered,no_adjustment,False,,
283691,2022,IRL,600.962,201.005,600.962,reported,t,True,unfiltered,no_adjustment,False,,
283691,2022,IRN,24.0,,24.0,reported,t,True,unfiltered,no_adjustment,False,,
283691,2022,ISL,,0.001,,missing,t,False,unfiltered,not_applicable,False,,
283691,2022,ISR,0.320171,0.068,0.320171,reported,t,True,unfiltered,no_adjustment,False,,
283691,2022,ITA,194.777,110.8337,194.777,reported,t,True,unfiltered,no_adjustment,False,,
283691,2022,JPN,237.321,316.649767,237.321,reported,t,True,unfiltered,no_adjustment,False,,
283691,2022,KOR,6162.93603,760.836889,6162.93603,reported,t,True,unfiltered,no_adjustment,False,,
283691,2022,LTU,5.53,0.77,5.53,reported,t,True,unfiltered,no_adjustment,False,,
283691,2022,LUX,,0.04,,missing,t,False,unfiltered,not_applicable,False,,
283691,2022,LVA,0.106,0.129,0.106,reported,t,True,unfiltered,no_adjustment,False,,
283691,2022,MAR,,25.0,,missing,t,False,unfiltered,not_applicable,False,,
283691,2022,MLT,,0.00028599999999999996,,missing,t,False,unfiltered,not_applicable,False,,
283691,2022,MYS,48.28,,48.28,reported,t,True,unfiltered,no_adjustment,False,,
283691,2022,NGA,145.1,0.01251,145.1,reported,t,True,unfiltered,no_adjustment,False,,
283691,2022,NLD,6084.097,2478.51504,6084.097,reported,t,True,unfiltered,no_adjustment,False,,
283691,2022,NOR,0.001,0.14492,0.001,reported,t,True,unfiltered,no_adjustment,False,,
283691,2022,NZL,0.033,0.002,0.033,reported,t,True,unfiltered,no_adjustment,False,,
283691,2022,PER,7.0,4.062,7.0,reported,t,True,unfiltered,no_adjustment,False,,
283691,2022,PHL,,0.000277,,missing,t,False,unfiltered,not_applicable,False,,
283691,2022,POL,46.833,16.034623,46.833,reported,t,True,unfiltered,no_adjustment,False,,
283691,2022,PRT,,4.13,4.13,mirror_missing_report,t,True,unfiltered,unverified,True,,
283691,2022,QAT,,0.006,,missing,t,False,unfiltered,not_applicable,False,,
283691,2022,ROU,0.08,0.915,0.08,reported,t,True,unfiltered,no_adjustment,False,,
283691,2022,RUS,,0.363848,0.363848,mirror_missing_report,t,True,unfiltered,unverified,True,,
283691,2022,RWA,950.001,,950.001,reported,t,True,unfiltered,no_adjustment,False,,
283691,2022,SAU,1.3,,1.3,reported,t,True,unfiltered,no_adjustment,False,,
283691,2022,SGP,8.62,21.661231,8.62,reported,t,True,unfiltered,no_adjustment,False,,
283691,2022,SRB,0.001267,,0.001267,reported,t,True,unfiltered,no_adjustment,False,,
283691,2022,SVK,,0.993,,missing,t,False,unfiltered,not_applicable,False,,
283691,2022,SVN,125.60383999999999,76.9612,125.60383999999999,reported,t,True,unfiltered,no_adjustment,False,,
283691,2022,SWE,,9.514,,missing,t,False,unfiltered,not_applicable,False,,
283691,2022,THA,81.753,,81.753,reported,t,True,unfiltered,no_adjustment,False,,
283691,2022,TUR,50.444,,50.444,reported,t,True,unfiltered,no_adjustment,False,,
283691,2022,UGA,25.0,,25.0,reported,t,True,unfiltered,no_adjustment,False,,
283691,2022,USA,4718.309,1260.22669,4718.309,reported,t,True,unfiltered,no_adjustment,False,,
283691,2022,VNM,,0.003,,missing,t,False,unfiltered,not_applicable,False,,
283691,2022,ZAF,53.162,0.8114250000000001,53.162,reported,t,True,unfiltered,no_adjustment,False,,
283691,2022,ZWE,,68.011,68.011,mirror_missing_report,t,True,unfiltered,unverified,True,,
283691,2023,ARE,119.0252,0.8549990000000001,119.0252,reported,t,True,unfiltered,no_adjustment,False,,
283691,2023,ARG,29496.59,34993.054849,34993.054849,mirror_underreported,t,True,unfiltered,unverified,True,,
283691,2023,AUS,1.54132,1.428,1.54132,reported,t,True,unfiltered,no_adjustment,False,,
283691,2023,AUT,27.8514,7.677936,27.8514,reported,t,True,unfiltered,no_adjustment,False,,
283691,2023,BEL,1793.40607,545.614969,1793.40607,reported,t,True,unfiltered,no_adjustment,False,,
283691,2023,BGR,0.001,0.015,0.001,reported,t,True,unfiltered,no_adjustment,False,,
283691,2023,BOL,320.225,0.225,320.225,reported,t,True,unfiltered,no_adjustment,False,,
283691,2023,BRA,,103.57238,103.57238,mirror_missing_report,t,True,unfiltered,unverified,True,,
283691,2023,CAN,1.855,2.1064979999999998,1.855,reported,t,True,unfiltered,no_adjustment,False,,
283691,2023,CHE,17.750111,38.680056,17.750111,reported,t,True,unfiltered,no_adjustment,False,,
283691,2023,CHL,188519.852,212900.03578500001,188519.852,reported,t,True,unfiltered,no_adjustment,False,,
283691,2023,CHN,9592.88442,7505.026938,9592.88442,reported,t,True,unfiltered,no_adjustment,False,,
283691,2023,CIV,5.0,,5.0,reported,t,True,unfiltered,no_adjustment,False,,
283691,2023,CZE,5.986,201.198648,5.986,reported,t,True,unfiltered,no_adjustment,False,,
283691,2023,DEU,1691.305027,,1691.305027,reported,t,True,unfiltered,no_adjustment,False,,
283691,2023,DNK,15.415,18.243,15.415,reported,t,True,unfiltered,no_adjustment,False,,
283691,2023,ESP,508.19890000000004,102.619055,508.19890000000004,reported,t,True,unfiltered,no_adjustment,False,,
283691,2023,EST,0.05,0.050122,0.05,reported,t,True,unfiltered,no_adjustment,False,,
283691,2023,FIN,0.001,0.10200000000000001,0.001,reported,t,True,unfiltered,no_adjustment,False,,
283691,2023,FRA,878.2332809999999,349.343579,878.2332809999999,reported,t,True,unfiltered,no_adjustment,False,,
283691,2023,GBR,2385.319,2297.559608,2385.319,reported,t,True,unfiltered,no_adjustment,False,,
283691,2023,GRC,0.3,0.004,0.3,reported,t,True,unfiltered,no_adjustment,False,,
283691,2023,GTM,1.678,,1.678,reported,t,True,unfiltered,no_adjustment,False,,
283691,2023,HKG,0.022,0.21000000000000002,0.022,reported,t,True,unfiltered,no_adjustment,False,,
283691,2023,HRV,0.815,0.09106500000000001,0.815,reported,t,True,unfiltered,no_adjustment,False,,
283691,2023,HUN,5.3525,3.418009,5.3525,reported,t,True,unfiltered,no_adjustment,False,,
283691,2023,IDN,,0.00025,,missing,t,False,unfiltered,not_applicable,False,,
283691,2023,IND,421.99208000000004,,421.99208000000004,reported,t,True,unfiltered,no_adjustment,False,,
283691,2023,IRL,200.129,600.13,200.129,reported,t,True,unfiltered,no_adjustment,False,,
283691,2023,ITA,147.466,317.38100000000003,147.466,reported,t,True,unfiltered,no_adjustment,False,,
283691,2023,JPN,40.545,328.183101,40.545,reported,t,True,unfiltered,no_adjustment,False,,
283691,2023,KEN,,0.45,,missing,t,False,unfiltered,not_applicable,False,,
283691,2023,KHM,3.961,0.108068,3.961,reported,t,True,unfiltered,no_adjustment,False,,
283691,2023,KOR,6900.35372,875.49898,6900.35372,reported,t,True,unfiltered,no_adjustment,False,,
283691,2023,LAO,0.038,,0.038,reported,t,True,unfiltered,no_adjustment,False,,
283691,2023,LTU,0.53,0.290182,0.53,reported,t,True,unfiltered,no_adjustment,False,,
283691,2023,LUX,,0.026,,missing,t,False,unfiltered,not_applicable,False,,
283691,2023,LVA,0.6,0.002,0.6,reported,t,True,unfiltered,no_adjustment,False,,
283691,2023,MLI,,0.0144,0.0144,mirror_missing_report,t,True,unfiltered,unverified,True,,
283691,2023,MMR,3.325,,3.325,reported,t,True,unfiltered,no_adjustment,False,,
283691,2023,MOZ,839.5,,839.5,reported,t,True,unfiltered,no_adjustment,False,,
283691,2023,MWI,,53.72,,missing,t,False,unfiltered,not_applicable,False,,
283691,2023,MYS,170.549,0.272,170.549,reported,t,True,unfiltered,no_adjustment,False,,
283691,2023,NAM,110.0026,,110.0026,reported,t,True,unfiltered,no_adjustment,False,,
283691,2023,NGA,,24.003,,missing,t,False,unfiltered,not_applicable,False,,
283691,2023,NLD,5468.265001,700.9942659999999,5468.265001,reported,t,True,unfiltered,no_adjustment,False,,
283691,2023,NOR,0.034,0.005471,0.034,reported,t,True,unfiltered,no_adjustment,False,,
283691,2023,NZL,0.005,,0.005,reported,t,True,unfiltered,no_adjustment,False,,
283691,2023,PAK,,0.00571,,missing,t,False,unfiltered,not_applicable,False,,
283691,2023,POL,4.593,4.17003,4.593,reported,t,True,unfiltered,no_adjustment,False,,
283691,2023,PRT,1.25,27.179066999999996,1.25,reported,t,True,unfiltered,no_adjustment,False,,
283691,2023,ROU,0.038,2.9999999999999997e-05,0.038,reported,t,True,unfiltered,no_adjustment,False,,
283691,2023,RUS,,0.64392,0.64392,mirror_missing_report,t,True,unfiltered,unverified,True,,
283691,2023,SGP,4.3820500000000004,0.16827,4.3820500000000004,reported,t,True,unfiltered,no_adjustment,False,,
283691,2023,SRB,0.002,0.0017000000000000001,0.002,reported,t,True,unfiltered,no_adjustment,False,,
283691,2023,SVK,,0.0037,,missing,t,False,unfiltered,not_applicable,False,,
283691,2023,SVN,23.502851999999997,20.547,23.502851999999997,reported,t,True,unfiltered,no_adjustment,False,,
283691,2023,SWE,22.0,0.662,22.0,reported,t,True,unfiltered,no_adjustment,False,,
283691,2023,THA,60.083,,60.083,reported,t,True,unfiltered,no_adjustment,False,,
283691,2023,TUR,0.374,0.7741169999999999,0.374,reported,t,True,unfiltered,no_adjustment,False,,
283691,2023,TZA,0.0015,,0.0015,reported,t,True,unfiltered,no_adjustment,False,,
283691,2023,USA,4398.303,396.439563,4398.303,reported,t,True,unfiltered,no_adjustment,False,,
283691,2023,ZAF,12.756879999999999,1.8603399999999999,12.756879999999999,reported,t,True,unfiltered,no_adjustment,False,,
283691,2023,ZWE,,6.4,6.4,mirror_missing_report,t,True,unfiltered,unverified,True,,
283691,2024,ARE,,4.041,,missing,t,False,unfiltered,not_applicable,False,,
283691,2024,ARG,47609.12,64840.525623,64840.525623,mirror_underreported,t,True,unfiltered,externally_confirmed,False,,
283691,2024,AUS,12.9181,8.290756,12.9181,reported,t,True,unfiltered,no_adjustment,False,,
283691,2024,AUT,27.819791000000002,20.121482,27.819791000000002,reported,t,True,unfiltered,no_adjustment,False,,
283691,2024,BDI,,0.304,,missing,t,False,unfiltered,not_applicable,False,,
283691,2024,BEL,321.36672999999996,414.650012,321.36672999999996,reported,t,True,unfiltered,no_adjustment,False,,
283691,2024,BGR,,8.5e-05,,missing,t,False,unfiltered,not_applicable,False,,
283691,2024,BOL,1832.14911,482.173,1832.14911,reported,t,True,unfiltered,no_adjustment,False,,
283691,2024,BRA,291.792962,218.93266,291.792962,reported,t,True,unfiltered,no_adjustment,False,,
283691,2024,CAN,0.023,0.335755,0.335755,mirror_missing_report,t,True,unfiltered,unverified,True,,
283691,2024,CHE,48.582602,58.949776,48.582602,reported,t,True,unfiltered,no_adjustment,False,,
283691,2024,CHL,233703.629,232554.189975,233703.629,reported,t,True,unfiltered,no_adjustment,False,,
283691,2024,CHN,3828.41952,,3828.41952,reported,t,True,unfiltered,no_adjustment,False,,
283691,2024,CIV,39.95,,39.95,reported,t,True,unfiltered,no_adjustment,False,,
283691,2024,CZE,0.018,74.367655,0.018,reported,t,True,unfiltered,no_adjustment,False,,
283691,2024,DEU,3139.768761,1641.001292,3139.768761,reported,t,True,unfiltered,no_adjustment,False,,
283691,2024,DNK,17.175,41.000169,17.175,reported,t,True,unfiltered,no_adjustment,False,,
283691,2024,ESP,312.4158,151.744704,312.4158,reported,t,True,unfiltered,no_adjustment,False,,
283691,2024,FIN,0.002,0.036,0.002,reported,t,True,unfiltered,no_adjustment,False,,
283691,2024,FRA,419.957128,462.084664,419.957128,reported,t,True,unfiltered,no_adjustment,False,,
283691,2024,GBR,1733.639407,2143.403229,1733.639407,reported,t,True,unfiltered,no_adjustment,False,,
283691,2024,GTM,1.862,,1.862,reported,t,True,unfiltered,no_adjustment,False,,
283691,2024,HKG,0.013,2.988327,0.013,reported,t,True,unfiltered,no_adjustment,False,,
283691,2024,HRV,1.805,0.10245000000000001,1.805,reported,t,True,unfiltered,no_adjustment,False,,
283691,2024,HUN,3.001,3.002088,3.001,reported,t,True,unfiltered,no_adjustment,False,,
283691,2024,IDN,0.00242,,0.00242,reported,t,True,unfiltered,no_adjustment,False,,
283691,2024,IND,320.933635,45.869412000000004,320.933635,reported,t,True,unfiltered,no_adjustment,False,,
283691,2024,IRL,0.249,400.307085,0.249,reported,t,True,unfiltered,no_adjustment,False,,
283691,2024,ITA,192.651,115.256,192.651,reported,t,True,unfiltered,no_adjustment,False,,
283691,2024,JPN,40.318,47.465308,40.318,reported,t,True,unfiltered,no_adjustment,False,,
283691,2024,KOR,4658.071650000001,2841.71545,4658.071650000001,reported,t,True,unfiltered,no_adjustment,False,,
283691,2024,LAO,,158.904,,missing,t,False,unfiltered,not_applicable,False,,
283691,2024,LTU,0.94,0.260085,0.94,reported,t,True,unfiltered,no_adjustment,False,,
283691,2024,LUX,,0.02,,missing,t,False,unfiltered,not_applicable,False,,
283691,2024,LVA,0.001,,0.001,reported,t,True,unfiltered,no_adjustment,False,,
283691,2024,MMR,,0.275,,missing,t,False,unfiltered,not_applicable,False,,
283691,2024,MOZ,572.5,,572.5,reported,t,True,unfiltered,no_adjustment,False,,
283691,2024,MYS,0.0005,0.001,0.0005,reported,t,True,unfiltered,no_adjustment,False,,
283691,2024,NAM,0.3,0.1225,0.1225,mirror_missing_report,t,True,unfiltered,unverified,True,,
283691,2024,NGA,,0.004,,missing,t,False,unfiltered,not_applicable,False,,
283691,2024,NLD,5687.9762470000005,561.498271,5687.9762470000005,reported,t,True,unfiltered,no_adjustment,False,,
283691,2024,NZL,0.034,,0.034,reported,t,True,unfiltered,no_adjustment,False,,
283691,2024,PHL,,12.567,,missing,t,False,unfiltered,not_applicable,False,,
283691,2024,POL,2.681,1.0845900000000002,2.681,reported,t,True,unfiltered,no_adjustment,False,,
283691,2024,PRT,3.171,961.59247,3.171,reported,t,True,unfiltered,no_adjustment,False,,
283691,2024,QAT,,0.043,,missing,t,False,unfiltered,not_applicable,False,,
283691,2024,RUS,,0.033600000000000005,0.033600000000000005,mirror_missing_report,t,True,unfiltered,unverified,True,,
283691,2024,SGP,7.0603,14.412151,7.0603,reported,t,True,unfiltered,no_adjustment,False,,
283691,2024,SVK,1.6,0.001,1.6,reported,t,True,unfiltered,no_adjustment,False,,
283691,2024,SVN,5.015890000000001,3.9000000000000004,5.015890000000001,reported,t,True,unfiltered,no_adjustment,False,,
283691,2024,SWE,4.030768999999999,2.172,4.030768999999999,reported,t,True,unfiltered,no_adjustment,False,,
283691,2024,THA,18.837,0.001,18.837,reported,t,True,unfiltered,no_adjustment,False,,
283691,2024,TUR,0.807,1.71254,0.807,reported,t,True,unfiltered,no_adjustment,False,,
283691,2024,USA,,,,missing,t,False,unfiltered,not_applicable,False,,
283691,2024,VNM,,2.586,,missing,t,False,unfiltered,not_applicable,False,,
283691,2024,ZAF,0.02036,0.11635000000000001,0.02036,reported,t,True,unfiltered,no_adjustment,False,,
283691,2024,ZMB,,0.00075,,missing,t,False,unfiltered,not_applicable,False,,
283691,2024,ZWE,,0.145,0.145,mirror_missing_report,t,True,unfiltered,unverified,True,,
283691,2025,ARE,,0.06,,missing,t,False,unfiltered,not_applicable,False,,
283691,2025,ARG,79622.52464,13663.223302,79622.52464,reported,t,True,unfiltered,no_adjustment,False,,
283691,2025,AUS,11.3697,2.211068,11.3697,reported,t,True,unfiltered,no_adjustment,False,,
283691,2025,AUT,21.746,,21.746,reported,t,True,unfiltered,no_adjustment,False,,
283691,2025,BEL,1203.2811499999998,231.063309,1203.2811499999998,reported,t,True,unfiltered,no_adjustment,False,,
283691,2025,BGR,,0.002,,missing,t,False,unfiltered,not_applicable,False,,
283691,2025,BOL,2588.0,110.053,2588.0,reported,t,True,unfiltered,no_adjustment,False,,
283691,2025,BRA,95.219,60.232547999999994,95.219,reported,t,True,unfiltered,no_adjustment,False,,
283691,2025,CAN,0.023,0.0009559999999999999,0.0009559999999999999,mirror_missing_report,t,True,unfiltered,unverified,True,,
283691,2025,CHE,44.764065,47.516999999999996,44.764065,reported,t,True,unfiltered,no_adjustment,False,,
283691,2025,CHL,219514.83,52319.878414,219514.83,reported,t,True,unfiltered,no_adjustment,False,,
283691,2025,CHN,,,,missing,t,False,unfiltered,not_applicable,False,,
283691,2025,CZE,2.266739,96.853722,2.266739,reported,t,True,unfiltered,no_adjustment,False,,
283691,2025,DEU,1028.3124,1474.742121,1028.3124,reported,t,True,unfiltered,no_adjustment,False,,
283691,2025,DNK,4.116,4.6,4.116,reported,t,True,unfiltered,no_adjustment,False,,
283691,2025,ESP,70.18436,17.074901,70.18436,reported,t,True,unfiltered,no_adjustment,False,,
283691,2025,EST,0.6,0.8049999999999999,0.6,reported,t,True,unfiltered,no_adjustment,False,,
283691,2025,FIN,0.56,0.044,0.56,reported,t,True,unfiltered,no_adjustment,False,,
283691,2025,FRA,543.159781,447.796833,543.159781,reported,t,True,unfiltered,no_adjustment,False,,
283691,2025,GBR,997.618,,997.618,reported,t,True,unfiltered,no_adjustment,False,,
283691,2025,GRC,0.02,0.268,0.02,reported,t,True,unfiltered,no_adjustment,False,,
283691,2025,GTM,1.803,,1.803,reported,t,True,unfiltered,no_adjustment,False,,
283691,2025,HKG,0.016,0.06,0.016,reported,t,True,unfiltered,no_adjustment,False,,
283691,2025,HRV,0.72,0.002,0.72,reported,t,True,unfiltered,no_adjustment,False,,
283691,2025,HUN,2.001,2.1140000000000003,2.001,reported,t,True,unfiltered,no_adjustment,False,,
283691,2025,IDN,8610.237550000002,0.03755,8610.237550000002,reported,t,True,unfiltered,no_adjustment,False,,
283691,2025,IND,385.169115,94.968622,385.169115,reported,t,True,unfiltered,no_adjustment,False,,
283691,2025,IRL,0.237,800.244,0.237,reported,t,True,unfiltered,no_adjustment,False,,
283691,2025,ISR,,0.00017,,missing,t,False,unfiltered,not_applicable,False,,
283691,2025,ITA,411.571,258.848,411.571,reported,t,True,unfiltered,no_adjustment,False,,
283691,2025,JPN,18.01,8.317084,18.01,reported,t,True,unfiltered,no_adjustment,False,,
283691,2025,KOR,12018.3575,6576.0142399999995,12018.3575,reported,t,True,unfiltered,no_adjustment,False,,
283691,2025,LAO,,0.005,,missing,t,False,unfiltered,not_applicable,False,,
283691,2025,LTU,1.2,0.23900000000000002,1.2,reported,t,True,unfiltered,no_adjustment,False,,
283691,2025,LUX,,0.295,,missing,t,False,unfiltered,not_applicable,False,,
283691,2025,LVA,,0.096,,missing,t,False,unfiltered,not_applicable,False,,
283691,2025,MEX,,15.0,,missing,t,False,unfiltered,not_applicable,False,,
283691,2025,MLT,,0.00023400000000000002,,missing,t,False,unfiltered,not_applicable,False,,
283691,2025,MYS,0.1686,0.1696,0.1686,reported,t,True,unfiltered,no_adjustment,False,,
283691,2025,NLD,3301.9444559999997,324.628978,3301.9444559999997,reported,t,True,unfiltered,no_adjustment,False,,
283691,2025,NOR,0.04,,0.04,reported,t,True,unfiltered,no_adjustment,False,,
283691,2025,NZL,0.021,,0.021,reported,t,True,unfiltered,no_adjustment,False,,
283691,2025,POL,1.77853,0.807257,1.77853,reported,t,True,unfiltered,no_adjustment,False,,
283691,2025,PRT,0.005,103.961,103.961,mirror_missing_report,t,True,unfiltered,unverified,True,,
283691,2025,QAT,,0.011,,missing,t,False,unfiltered,not_applicable,False,,
283691,2025,ROU,,0.006,,missing,t,False,unfiltered,not_applicable,False,,
283691,2025,RUS,,0.22125,0.22125,mirror_missing_report,t,True,unfiltered,unverified,True,,
283691,2025,SGP,575.9775,0.001,575.9775,reported,t,True,unfiltered,no_adjustment,False,,
283691,2025,SVK,0.04,0.085,0.04,reported,t,True,unfiltered,no_adjustment,False,,
283691,2025,SVN,0.038519,0.2531,0.038519,reported,t,True,unfiltered,no_adjustment,False,,
283691,2025,SWE,5.03139,5.3503099999999995,5.03139,reported,t,True,unfiltered,no_adjustment,False,,
283691,2025,THA,93.104,,93.104,reported,t,True,unfiltered,no_adjustment,False,,
283691,2025,TUR,0.425,0.075,0.425,reported,t,True,unfiltered,no_adjustment,False,,
283691,2025,USA,995.075,,995.075,reported,t,True,unfiltered,no_adjustment,False,,
283691,2025,ZAF,0.37260000000000004,0.1,0.37260000000000004,reported,t,True,unfiltered,no_adjustment,False,,
282520,2017,ARE,103.447,36.885946,103.447,reported,t,True,included,no_adjustment,False,,
282520,2017,AUS,,0.075,,missing,t,False,missing_price,not_applicable,False,,
282520,2017,AUT,0.17210599999999998,0.06899999999999999,0.17210599999999998,reported,t,True,included,no_adjustment,False,,
282520,2017,BEL,2081.7200900000003,1045.929656,2081.7200900000003,reported,t,True,included,no_adjustment,False,,
282520,2017,BGR,,0.009,,missing,t,False,missing_price,not_applicable,False,,
282520,2017,BOL,,20.0,,missing,t,False,missing_price,not_applicable,False,,
282520,2017,CAN,2396.169685,50.362,2396.169685,reported,t,False,excluded_price,no_adjustment,False,,
282520,2017,CHE,1424.755271,24.451738,1424.755271,reported,t,False,excluded_price,no_adjustment,False,,
282520,2017,CHL,6203.148,6598.771044,6203.148,reported,t,True,included,no_adjustment,False,,
282520,2017,CHN,19400.433082,,19400.433082,reported,t,True,included,no_adjustment,False,,
282520,2017,COK,,0.05,,missing,t,False,missing_price,not_applicable,False,,
282520,2017,CYP,,0.001,,missing,t,False,missing_price,not_applicable,False,,
282520,2017,CZE,0.464,0.40800000000000003,0.464,reported,t,True,included,no_adjustment,False,,
282520,2017,DEU,,717.537683,,missing,t,False,missing_price,not_applicable,False,,
282520,2017,DNK,,0.014,,missing,t,False,missing_price,not_applicable,False,,
282520,2017,ESP,67.26137,31.835326,67.26137,reported,t,True,included,no_adjustment,False,,
282520,2017,EST,,3.005,,missing,t,False,missing_price,not_applicable,False,,
282520,2017,FIN,,0.012,,missing,t,False,missing_price,not_applicable,False,,
282520,2017,FRA,96.907,45.391334,96.907,reported,t,True,included,no_adjustment,False,,
282520,2017,GBR,232.055396,167.589131,232.055396,reported,t,True,included,no_adjustment,False,,
282520,2017,GRC,0.1,6.690365,0.1,reported,t,True,included,no_adjustment,False,,
282520,2017,HKG,40.167,0.006318,40.167,reported,t,True,included,no_adjustment,False,,
282520,2017,HUN,,0.020149,,missing,t,False,missing_price,not_applicable,False,,
282520,2017,IND,98.74853200000001,219.62087,98.74853200000001,reported,t,True,included,no_adjustment,False,,
282520,2017,IRL,0.119,0.032,0.119,reported,t,True,included,no_adjustment,False,,
282520,2017,ISR,,0.188,,missing,t,False,missing_price,not_applicable,False,,
282520,2017,ITA,0.9,6.3584,0.9,reported,t,True,included,no_adjustment,False,,
282520,2017,JOR,,0.1,,missing,t,False,missing_price,not_applicable,False,,
282520,2017,JPN,82.253,62.093244,82.253,reported,t,True,included,no_adjustment,False,,
282520,2017,KAZ,0.65,,0.65,reported,t,False,excluded_price,no_adjustment,False,,
282520,2017,KOR,12.035336,59.024388,12.035336,reported,t,True,included,no_adjustment,False,,
282520,2017,LTU,,0.023,,missing,t,False,missing_price,not_applicable,False,,
282520,2017,LUX,,0.007,,missing,t,False,missing_price,not_applicable,False,,
282520,2017,LVA,40.0,20.067,40.0,reported,t,True,included,no_adjustment,False,,
282520,2017,MEX,,12.022,,missing,t,False,missing_price,not_applicable,False,,
282520,2017,MLT,,0.000149,,missing,t,False,missing_price,not_applicable,False,,
282520,2017,NLD,13541.528,3542.6478599999996,13541.528,reported,t,False,excluded_price,no_adjustment,False,,
282520,2017,NOR,,20.208,,missing,t,False,missing_price,not_applicable,False,,
282520,2017,NZL,0.075,,0.075,reported,t,True,included,no_adjustment,False,,
282520,2017,POL,28.513,12.43429,28.513,reported,t,True,included,no_adjustment,False,,
282520,2017,PRT,,0.002,,missing,t,False,missing_price,not_applicable,False,,
282520,2017,ROU,,0.600223,,missing,t,False,missing_price,not_applicable,False,,
282520,2017,RUS,4945.774346,4145.339976,4945.774346,reported,t,True,included,no_adjustment,False,,
282520,2017,SGP,5.488659999999999,15.561,5.488659999999999,reported,t,True,included,no_adjustment,False,,
282520,2017,SRB,0.003519,,0.003519,reported,t,True,included,no_adjustment,False,,
282520,2017,SVK,,0.005,,missing,t,False,missing_price,not_applicable,False,,
282520,2017,SVN,82.03364,62.469,82.03364,reported,t,True,included,no_adjustment,False,,
282520,2017,SWE,0.0,0.571,0.06690294929226562,estimated_anchor_price,t,True,included,unverified,True,Reported USD divided by median selected-weight unit price of configured anchor countries (Excel 05/17 legacy method),
282520,2017,THA,0.008,9.208886,0.008,reported,t,True,included,no_adjustment,False,,
282520,2017,TUR,8.75,8.8,8.75,reported,t,True,included,no_adjustment,False,,
282520,2017,USA,10386.774655,8542.3795,10386.774655,reported,t,True,included,no_adjustment,False,,
282520,2017,VCT,,7.518788,,missing,t,False,missing_price,not_applicable,False,,
282520,2017,ZAF,40.09935,9.622251,40.09935,reported,t,True,included,no_adjustment,False,,
282520,2018,ARE,75.2833,268.685,75.2833,reported,t,True,included,no_adjustment,False,,
282520,2018,AUS,16.928,1.2489999999999999,16.928,reported,t,False,excluded_price,no_adjustment,False,,
282520,2018,AUT,0.03125,0.017834,0.03125,reported,t,True,included,no_adjustment,False,,
282520,2018,BEL,1509.09372,1140.893707,1509.09372,reported,t,True,included,no_adjustment,False,,
282520,2018,BGR,5.0,0.045,5.0,reported,t,True,included,no_adjustment,False,,
282520,2018,CAN,96575.175,0.704673,96575.175,reported,t,False,excluded_price,no_adjustment,False,,
282520,2018,CHE,2208.678482,49.782,2208.678482,reported,t,False,excluded_price,no_adjustment,False,,
282520,2018,CHL,5687.416,6465.928140999999,5687.416,reported,t,True,included,no_adjustment,False,,
282520,2018,CHN,27875.570676,28527.201758,27875.570676,reported,t,True,included,no_adjustment,False,,
282520,2018,CYP,,0.001,,missing,t,False,missing_price,not_applicable,False,,
282520,2018,CZE,0.601,0.60493,0.601,reported,t,True,included,no_adjustment,False,,
282520,2018,DEU,,1137.002895,,missing,t,False,missing_price,not_applicable,False,,
282520,2018,DNK,,0.01461,,missing,t,False,missing_price,not_applicable,False,,
282520,2018,ESP,21.803,22.183542,21.803,reported,t,True,included,no_adjustment,False,,
282520,2018,EST,0.0002,,0.0002,reported,t,True,included,no_adjustment,False,,
282520,2018,FIN,,0.000229,,missing,t,False,missing_price,not_applicable,False,,
282520,2018,FRA,128.666165,33.222813,128.666165,reported,t,True,included,no_adjustment,False,,
282520,2018,GBR,198.198,206.755561,198.198,reported,t,True,included,no_adjustment,False,,
282520,2018,GRC,0.175,,0.175,reported,t,True,included,no_adjustment,False,,
282520,2018,HKG,0.04,12.289000000000001,0.04,reported,t,True,included,no_adjustment,False,,
282520,2018,HUN,,0.012,,missing,t,False,missing_price,not_applicable,False,,
282520,2018,IND,123.775357,151.741056,123.775357,reported,t,True,included,no_adjustment,False,,
282520,2018,IRL,0.046,0.041999999999999996,0.046,reported,t,True,included,no_adjustment,False,,
282520,2018,ISR,0.156446,0.009391,0.156446,reported,t,True,included,no_adjustment,False,,
282520,2018,ITA,0.5,5.311,0.5,reported,t,True,included,no_adjustment,False,,
282520,2018,JPN,32.233,129.301039,32.233,reported,t,True,included,no_adjustment,False,,
282520,2018,KEN,5.3187,,5.3187,reported,t,True,included,no_adjustment,False,,
282520,2018,KOR,12.62215,25.745773,12.62215,reported,t,True,included,no_adjustment,False,,
282520,2018,LUX,,0.003,,missing,t,False,missing_price,not_applicable,False,,
282520,2018,LVA,,0.000152,,missing,t,False,missing_price,not_applicable,False,,
282520,2018,MEX,,14.5946,,missing,t,False,missing_price,not_applicable,False,,
282520,2018,MLT,,0.000229,,missing,t,False,missing_price,not_applicable,False,,
282520,2018,NGA,30.0,,30.0,reported,t,False,excluded_price,no_adjustment,False,,
282520,2018,NLD,13300.914778,596.088232,13300.914778,reported,t,False,excluded_price,no_adjustment,False,,
282520,2018,NOR,0.002,0.175,0.002,reported,t,True,included,no_adjustment,False,,
282520,2018,NZL,0.001,0.0027029999999999997,0.001,reported,t,True,included,no_adjustment,False,,
282520,2018,POL,12.775,15.32025,12.775,reported,t,True,included,no_adjustment,False,,
282520,2018,PRT,0.156,1.254,0.156,reported,t,True,included,no_adjustment,False,,
282520,2018,ROU,,1.175,,missing,t,False,missing_price,not_applicable,False,,
282520,2018,RUS,5148.326,4066.305024,5148.326,reported,t,True,included,no_adjustment,False,,
282520,2018,SGP,59.05666,6.0835,59.05666,reported,t,True,included,no_adjustment,False,,
282520,2018,SRB,0.005,0.005,0.005,reported,t,True,included,no_adjustment,False,,
282520,2018,SVK,,0.000152,,missing,t,False,missing_price,not_applicable,False,,
282520,2018,SVN,23.00404,15.14,23.00404,reported,t,True,included,no_adjustment,False,,
282520,2018,SWE,0.0,0.323,0.10481887293476015,estimated_anchor_price,t,True,included,unverified,True,Reported USD divided by median selected-weight unit price of configured anchor countries (Excel 05/17 legacy method),
282520,2018,THA,18.605,10.22267,18.605,reported,t,True,included,no_adjustment,False,,
282520,2018,TUR,31.141,28.898333,31.141,reported,t,True,included,no_adjustment,False,,
282520,2018,USA,8895.076,,8895.076,reported,t,True,included,no_adjustment,False,,
282520,2018,VEN,,0.03525,,missing,t,False,missing_price,not_applicable,False,,
282520,2018,ZAF,8.21393,5.607766,8.21393,reported,t,True,included,no_adjustment,False,,
282520,2018,ZWE,,146.5,,missing,t,False,missing_price,not_applicable,False,,
282520,2019,ARE,177.19910000000002,92.96835,177.19910000000002,reported,t,True,included,no_adjustment,False,,
282520,2019,AUS,0.7029,29.997,0.7029,reported,t,True,included,no_adjustment,False,,
282520,2019,AUT,0.060378999999999995,0.319627,0.060378999999999995,reported,t,True,included,no_adjustment,False,,
282520,2019,BEL,1658.3081000000002,2186.983432,1658.3081000000002,reported,t,True,included,no_adjustment,False,,
282520,2019,BGR,0.05,1.599,0.05,reported,t,True,included,no_adjustment,False,,
282520,2019,BRA,7.5e-05,,7.5e-05,reported,t,True,included,no_adjustment,False,,
282520,2019,CAN,41298.43,24.374,41298.43,reported,t,False,excluded_price,no_adjustment,False,,
282520,2019,CHE,2072.099871,0.57115,2072.099871,reported,t,False,excluded_price,no_adjustment,False,,
282520,2019,CHL,8582.77,8760.994322,8582.77,reported,t,True,included,no_adjustment,False,,
282520,2019,CHN,49282.750607,49251.402357,49282.750607,reported,t,True,included,no_adjustment,False,,
282520,2019,CZE,0.307,0.33,0.307,reported,t,True,included,no_adjustment,False,,
282520,2019,DEU,,1076.169171,,missing,t,False,missing_price,not_applicable,False,,
282520,2019,DNK,0.042,0.312,0.042,reported,t,True,included,no_adjustment,False,,
282520,2019,ESP,72.85863099999999,8.42726,72.85863099999999,reported,t,False,excluded_price,no_adjustment,False,,
282520,2019,EST,153.9808,94.12899999999999,153.9808,reported,t,True,included,no_adjustment,False,,
282520,2019,FIN,0.001,4.0,0.001,reported,t,True,included,no_adjustment,False,,
282520,2019,FRA,142.797,81.908271,142.797,reported,t,True,included,no_adjustment,False,,
282520,2019,GBR,402.897151,271.262579,402.897151,reported,t,True,included,no_adjustment,False,,
282520,2019,GRC,0.075,0.001,0.075,reported,t,True,included,no_adjustment,False,,
282520,2019,HKG,0.02,5.043500000000001,0.02,reported,t,True,included,no_adjustment,False,,
282520,2019,HRV,0.025,0.027000000000000003,0.025,reported,t,True,included,no_adjustment,False,,
282520,2019,HUN,,0.004,,missing,t,False,missing_price,not_applicable,False,,
282520,2019,IDN,6.99214,1.102,6.99214,reported,t,True,included,no_adjustment,False,,
282520,2019,IND,149.014508,246.533254,149.014508,reported,t,True,included,no_adjustment,False,,
282520,2019,IRL,0.028,0.024,0.028,reported,t,True,included,no_adjustment,False,,
282520,2019,ISR,,0.024,,missing,t,False,missing_price,not_applicable,False,,
282520,2019,ITA,0.58,8.045056,0.58,reported,t,True,included,no_adjustment,False,,
282520,2019,JPN,4.221,113.148365,4.221,reported,t,True,included,no_adjustment,False,,
282520,2019,KEN,2.04,,2.04,reported,t,True,included,no_adjustment,False,,
282520,2019,KOR,79.40391000000001,5.296996,79.40391000000001,reported,t,True,included,no_adjustment,False,,
282520,2019,LTU,1.493674,,1.493674,reported,t,True,included,no_adjustment,False,,
282520,2019,LUX,,0.001,,missing,t,False,missing_price,not_applicable,False,,
282520,2019,LVA,100.0,169.094,100.0,reported,t,True,included,no_adjustment,False,,
282520,2019,MEX,,5.025,,missing,t,False,missing_price,not_applicable,False,,
282520,2019,MYS,,0.001,,missing,t,False,missing_price,not_applicable,False,,
282520,2019,NGA,50.0,,50.0,reported,t,False,excluded_price,no_adjustment,False,,
282520,2019,NLD,6326.61255,6841.95129,6326.61255,reported,t,False,excluded_price,no_adjustment,False,,
282520,2019,NZL,0.05,0.225,0.05,reported,t,True,included,no_adjustment,False,,
282520,2019,POL,23.154698,24.412,23.154698,reported,t,True,included,no_adjustment,False,,
282520,2019,PRT,,0.002,,missing,t,False,missing_price,not_applicable,False,,
282520,2019,ROU,0.51,21.214,0.51,reported,t,True,included,no_adjustment,False,,
282520,2019,RUS,7167.362065,5514.71928,7167.362065,reported,t,True,included,no_adjustment,False,,
282520,2019,SGP,91.01008999999999,73.644848,91.01008999999999,reported,t,False,excluded_price,no_adjustment,False,,
282520,2019,SVK,,0.028,,missing,t,False,missing_price,not_applicable,False,,
282520,2019,SVN,3.0,17.358,3.0,reported,t,True,included,no_adjustment,False,,
282520,2019,SWE,7.234341000000001,3.3970000000000002,7.234341000000001,reported,t,True,included,no_adjustment,False,,
282520,2019,THA,0.5,6.57,0.5,reported,t,True,included,no_adjustment,False,,
282520,2019,TTO,,0.002,,missing,t,False,missing_price,not_applicable,False,,
282520,2019,TUR,5.501,2.1,5.501,reported,t,True,included,no_adjustment,False,,
282520,2019,UKR,0.003,,0.003,reported,t,True,included,no_adjustment,False,,
282520,2019,USA,9361.736,8508.061898,9361.736,reported,t,True,included,no_adjustment,False,,
282520,2019,ZAF,39.276917000000005,8.663794,39.276917000000005,reported,t,False,excluded_price,no_adjustment,False,,
282520,2019,ZWE,,97.0,,missing,t,False,missing_price,not_applicable,False,,
282520,2020,ARE,217.4377,225.826,217.4377,reported,t,True,included,no_adjustment,False,,
282520,2020,AUS,0.1605,334.675255,0.1605,reported,t,True,included,no_adjustment,False,,
282520,2020,AUT,0.127372,0.887405,0.127372,reported,t,True,included,no_adjustment,False,,
282520,2020,BEL,409.28084,872.940489,409.28084,reported,t,True,included,no_adjustment,False,,
282520,2020,BGR,,0.393,,missing,t,False,missing_price,not_applicable,False,,
282520,2020,BRA,0.7,0.7,0.7,reported,t,False,excluded_price,no_adjustment,False,,
282520,2020,CAN,86.082,1.568506,86.082,reported,t,False,excluded_price,no_adjustment,False,,
282520,2020,CHE,1772.309812,3.0875690000000002,1772.309812,reported,t,False,excluded_price,no_adjustment,False,,
282520,2020,CHL,9329.78401,8744.278727,9329.78401,reported,t,True,included,no_adjustment,False,,
282520,2020,CHN,56593.025208,,56593.025208,reported,t,True,included,no_adjustment,False,,
282520,2020,CZE,2.9,1.202,2.9,reported,t,True,included,no_adjustment,False,,
282520,2020,DEU,,,,missing,t,False,missing_price,not_applicable,False,,
282520,2020,DNK,,1.447,,missing,t,False,missing_price,not_applicable,False,,
282520,2020,EGY,,0.124,,missing,t,False,missing_price,not_applicable,False,,
282520,2020,ESP,53.7259,7.119336,53.7259,reported,t,False,excluded_price,no_adjustment,False,,
282520,2020,EST,251.35,162.3086,251.35,reported,t,True,included,no_adjustment,False,,
282520,2020,FRA,183.05,217.591218,183.05,reported,t,True,included,no_adjustment,False,,
282520,2020,GBR,290.82,185.191992,290.82,reported,t,True,included,no_adjustment,False,,
282520,2020,GRC,1.475,,1.475,reported,t,True,included,no_adjustment,False,,
282520,2020,HKG,0.01,80.30569200000001,0.01,reported,t,True,included,no_adjustment,False,,
282520,2020,HUN,,0.000876,,missing,t,False,missing_price,not_applicable,False,,
282520,2020,IND,170.844041,227.990205,170.844041,reported,t,True,included,no_adjustment,False,,
282520,2020,IRL,0.000256,0.031,0.000256,reported,t,True,included,no_adjustment,False,,
282520,2020,ISR,,0.01,,missing,t,False,missing_price,not_applicable,False,,
282520,2020,ITA,1.07,0.34900000000000003,1.07,reported,t,True,included,no_adjustment,False,,
282520,2020,JPN,5.35,53.539511000000005,5.35,reported,t,True,included,no_adjustment,False,,
282520,2020,KOR,62.885372000000004,24.1674,62.885372000000004,reported,t,True,included,no_adjustment,False,,
282520,2020,LTU,,0.000438,0.9750414761796065,estimated_anchor_price,t,True,included,unverified,True,Reported USD divided by median selected-weight unit price of configured anchor countries (Excel 05/17 legacy method),
282520,2020,LUX,,0.018000000000000002,,missing,t,False,missing_price,not_applicable,False,,
282520,2020,LVA,20.0,220.004,20.0,reported,t,True,included,no_adjustment,False,,
282520,2020,MEX,,0.199,,missing,t,False,missing_price,not_applicable,False,,
282520,2020,MLT,,0.00011,,missing,t,False,missing_price,not_applicable,False,,
282520,2020,MYS,0.4,,0.4,reported,t,True,included,no_adjustment,False,,
282520,2020,NLD,2587.251906,3167.994249,2587.251906,reported,t,True,included,no_adjustment,False,,
282520,2020,NOR,,0.496,,missing,t,False,missing_price,not_applicable,False,,
282520,2020,NZL,0.151,0.010266,0.151,reported,t,True,included,no_adjustment,False,,
282520,2020,OMN,,34.0,,missing,t,False,missing_price,not_applicable,False,,
282520,2020,POL,65.28,41.1038,65.28,reported,t,True,included,no_adjustment,False,,
282520,2020,PRT,,0.01,,missing,t,False,missing_price,not_applicable,False,,
282520,2020,ROU,0.252,16.343,0.252,reported,t,True,included,no_adjustment,False,,
282520,2020,RUS,8142.09151,7850.944576,8142.09151,reported,t,True,included,no_adjustment,False,,
282520,2020,SAU,0.055820999999999996,,0.055820999999999996,reported,t,True,included,no_adjustment,False,,
282520,2020,SGP,0.0,46.999906,4.627175708506258,estimated_anchor_price,t,True,included,unverified,True,Reported USD divided by median selected-weight unit price of configured anchor countries (Excel 05/17 legacy method),
282520,2020,SRB,,6.0,,missing,t,False,missing_price,not_applicable,False,,
282520,2020,SVK,,0.019,,missing,t,False,missing_price,not_applicable,False,,
282520,2020,SVN,,22.582,,missing,t,False,missing_price,not_applicable,False,,
282520,2020,SWE,1.0010080000000001,2.7720000000000002,1.0010080000000001,reported,t,True,included,no_adjustment,False,,
282520,2020,THA,,,8.352666867655675,estimated_anchor_price,t,True,included,unverified,True,Reported USD divided by median selected-weight unit price of configured anchor countries (Excel 05/17 legacy method),
282520,2020,TTO,0.001,,0.001,reported,t,True,included,no_adjustment,False,,
282520,2020,TUR,1.167,0.202,1.167,reported,t,True,included,no_adjustment,False,,
282520,2020,UGA,15.89,,15.89,reported,t,False,excluded_price,no_adjustment,False,,
282520,2020,USA,5825.863,6374.194503,5825.863,reported,t,True,included,no_adjustment,False,,
282520,2020,ZAF,19.396729999999998,5.890853,19.396729999999998,reported,t,False,excluded_price,no_adjustment,False,,
282520,2020,ZWE,,156.0,,missing,t,False,missing_price,not_applicable,False,,
282520,2021,ARE,484.237,391.66691,484.237,reported,t,True,included,no_adjustment,False,,
282520,2021,AUS,90.204,46.93298,90.204,reported,t,False,excluded_price,no_adjustment,False,,
282520,2021,AUT,0.040764,0.024218,0.040764,reported,t,True,included,no_adjustment,False,,
282520,2021,BEL,684.66624,1860.5634850000001,684.66624,reported,t,True,included,no_adjustment,False,,
282520,2021,BGR,,0.907,,missing,t,False,missing_price,not_applicable,False,,
282520,2021,BRA,1.0,,1.0,reported,t,True,included,no_adjustment,False,,
282520,2021,CAN,91.187,3.019611,91.187,reported,t,False,excluded_price,no_adjustment,False,,
282520,2021,CHE,1690.970702,0.504538,1690.970702,reported,t,False,excluded_price,no_adjustment,False,,
282520,2021,CHL,11264.319,13000.581198,11264.319,reported,t,True,included,no_adjustment,False,,
282520,2021,CHN,73688.043,,73688.043,reported,t,True,included,no_adjustment,False,,
282520,2021,CZE,0.618634,9.312475000000001,0.618634,reported,t,True,included,no_adjustment,False,,
282520,2021,DEU,,,,missing,t,False,missing_price,not_applicable,False,,
282520,2021,DNK,0.004,0.002,0.004,reported,t,False,excluded_price,no_adjustment,False,,
282520,2021,ESP,84.13,3.7076,84.13,reported,t,False,excluded_price,no_adjustment,False,,
282520,2021,EST,246.8177,156.6865,246.8177,reported,t,True,included,no_adjustment,False,,
282520,2021,FIN,0.00625,0.004,0.00625,reported,t,True,included,no_adjustment,False,,
282520,2021,FRA,509.766575,286.18272,509.766575,reported,t,True,included,no_adjustment,False,,
282520,2021,GBR,474.63570799999997,203.323312,474.63570799999997,reported,t,True,included,no_adjustment,False,,
282520,2021,GEO,,32.0,,missing,t,False,missing_price,not_applicable,False,,
282520,2021,GRC,,0.003,,missing,t,False,missing_price,not_applicable,False,,
282520,2021,HKG,,5.935555,,missing,t,False,missing_price,not_applicable,False,,
282520,2021,HRV,,0.001,,missing,t,False,missing_price,not_applicable,False,,
282520,2021,HUN,,0.017,,missing,t,False,missing_price,not_applicable,False,,
282520,2021,IDN,1.003,22.031,1.003,reported,t,True,included,no_adjustment,False,,
282520,2021,IND,399.975692,111.736611,399.975692,reported,t,True,included,no_adjustment,False,,
282520,2021,IRL,0.054,0.0020080000000000002,0.054,reported,t,True,included,no_adjustment,False,,
282520,2021,ISR,,0.002,,missing,t,False,missing_price,not_applicable,False,,
282520,2021,ITA,0.025,0.530889,0.025,reported,t,True,included,no_adjustment,False,,
282520,2021,JPN,3.736,305.773156,3.736,reported,t,True,included,externally_confirmed,False,,
282520,2021,KOR,947.5485699999999,236.91213,947.5485699999999,reported,t,True,included,no_adjustment,False,,
282520,2021,LTU,0.0,0.006378,1.1950932368917828,estimated_anchor_price,t,True,included,unverified,True,Reported USD divided by median selected-weight unit price of configured anchor countries (Excel 05/17 legacy method),
282520,2021,LUX,,0.000378,,missing,t,False,missing_price,not_applicable,False,,
282520,2021,LVA,0.001,280.013,0.001,reported,t,True,included,no_adjustment,False,,
282520,2021,MEX,,0.006,,missing,t,False,missing_price,not_applicable,False,,
282520,2021,MLT,,0.000126,,missing,t,False,missing_price,not_applicable,False,,
282520,2021,MYS,0.4,190.512,0.4,reported,t,True,included,no_adjustment,False,,
282520,2021,NGA,,0.004,,missing,t,False,missing_price,not_applicable,False,,
282520,2021,NLD,5881.969214,3569.886792,5881.969214,reported,t,True,included,no_adjustment,False,,
282520,2021,NOR,,0.114,,missing,t,False,missing_price,not_applicable,False,,
282520,2021,NZL,0.155,0.330182,0.155,reported,t,True,included,no_adjustment,False,,
282520,2021,OMN,,6.0,,missing,t,False,missing_price,not_applicable,False,,
282520,2021,POL,43.612639,24.917049,43.612639,reported,t,True,included,no_adjustment,False,,
282520,2021,PRT,,0.005,,missing,t,False,missing_price,not_applicable,False,,
282520,2021,ROU,0.539,0.004,0.539,reported,t,True,included,no_adjustment,False,,
282520,2021,RUS,8525.9054,8880.140029,8525.9054,reported,t,True,included,no_adjustment,False,,
282520,2021,SGP,2.9276500000000003,78.835951,2.9276500000000003,reported,t,True,included,no_adjustment,False,,
282520,2021,SVK,,0.008,,missing,t,False,missing_price,not_applicable,False,,
282520,2021,SVN,3.20002,72.75102000000001,3.20002,reported,t,True,included,no_adjustment,False,,
282520,2021,SWE,1.238095,3.511,1.238095,reported,t,True,included,no_adjustment,False,,
282520,2021,THA,1.003,,1.003,reported,t,True,included,no_adjustment,False,,
282520,2021,TTO,,0.002,,missing,t,False,missing_price,not_applicable,False,,
282520,2021,TUR,21.596,21.052,21.596,reported,t,True,included,no_adjustment,False,,
282520,2021,UKR,0.325,0.325,0.325,reported,t,True,included,no_adjustment,False,,
282520,2021,USA,0.0,6545.489928999999,11305.925030229746,legacy_usgs_export_proxy,t,True,included,unverified,True,"Excel 05 B6:B8 legacy assumption: all-lithium exports converted as hydroxide monohydrate, not HS-specific measured exports",https://pubs.usgs.gov/periodicals/mcs2026/mcs2026-lithium.pdf
282520,2021,VNM,,1333.6,,missing,t,False,missing_price,not_applicable,False,,
282520,2021,ZAF,37.343,1.105,37.343,reported,t,False,excluded_price,no_adjustment,False,,
282520,2021,ZWE,,173.19,,missing,t,False,missing_price,not_applicable,False,,
282520,2022,ARE,369.089,252.472,369.089,reported,t,True,included,no_adjustment,False,,
282520,2022,ARG,,9.300308,,missing,t,False,missing_price,not_applicable,False,,
282520,2022,AUS,,0.49887699999999996,0.24389,mirror_lower_bound,t,False,missing_price,unverified,True,,
282520,2022,AUT,0.004,0.149043,0.004,reported,t,True,included,no_adjustment,False,,
282520,2022,BEL,432.81928999999997,1052.476914,432.81928999999997,reported,t,True,included,no_adjustment,False,,
282520,2022,BGR,,0.0221,,missing,t,False,missing_price,not_applicable,False,,
282520,2022,BRA,0.001,,0.001,reported,t,True,included,no_adjustment,False,,
282520,2022,CAN,133.9,11.885652,133.9,reported,t,False,excluded_price,no_adjustment,False,,
282520,2022,CHE,1049.5231119999999,114.584194,1049.5231119999999,reported,t,False,excluded_price,no_adjustment,False,,
282520,2022,CHL,15213.149,13932.27905,15213.149,reported,t,True,included,no_adjustment,False,,
282520,2022,CHN,93450.83449,92599.437072,93450.83449,reported,t,True,included,no_adjustment,False,,
282520,2022,CYP,,0.000627,,missing,t,False,missing_price,not_applicable,False,,
282520,2022,CZE,6.954,8.48609,6.954,reported,t,True,included,no_adjustment,False,,
282520,2022,DEU,,699.011981,,missing,t,False,missing_price,not_applicable,False,,
282520,2022,DNK,0.311,0.101,0.311,reported,t,False,excluded_price,no_adjustment,False,,
282520,2022,ESP,86.02510000000001,15.3,86.02510000000001,reported,t,False,excluded_price,no_adjustment,False,,
282520,2022,EST,109.125,65.985,109.125,reported,t,True,included,no_adjustment,False,,
282520,2022,FIN,0.061,0.117,0.061,reported,t,False,excluded_price,no_adjustment,False,,
282520,2022,FRA,537.298262,194.11369200000001,537.298262,reported,t,True,included,no_adjustment,False,,
282520,2022,GBR,685.827223,,685.827223,reported,t,True,included,no_adjustment,False,,
282520,2022,GRC,,9.52,,missing,t,False,missing_price,not_applicable,False,,
282520,2022,HKG,,23.727999999999998,,missing,t,False,missing_price,not_applicable,False,,
282520,2022,HRV,,0.006,,missing,t,False,missing_price,not_applicable,False,,
282520,2022,HUN,,0.069,,missing,t,False,missing_price,not_applicable,False,,
282520,2022,IND,170.91958400000001,126.877073,170.91958400000001,reported,t,True,included,no_adjustment,False,,
282520,2022,IRL,0.005035,0.062099999999999995,0.005035,reported,t,True,included,no_adjustment,False,,
282520,2022,ITA,0.522,0.377,0.522,reported,t,True,included,no_adjustment,False,,
282520,2022,JPN,365.097,182.982351,365.097,reported,t,True,included,no_adjustment,False,,
282520,2022,KEN,0.15,3.22,0.15,reported,t,False,excluded_price,no_adjustment,False,,
282520,2022,KOR,822.3840849999999,417.847136,822.3840849999999,reported,t,True,included,no_adjustment,False,,
282520,2022,KWT,,0.02,,missing,t,False,missing_price,not_applicable,False,,
282520,2022,LTU,0.348,0.042,0.348,reported,t,True,included,no_adjustment,False,,
282520,2022,LUX,,0.002,,missing,t,False,missing_price,not_applicable,False,,
282520,2022,LVA,,40.013,,missing,t,False,missing_price,not_applicable,False,,
282520,2022,MEX,,1.9,,missing,t,False,missing_price,not_applicable,False,,
282520,2022,MYS,0.02,210.0,0.02,reported,t,True,included,no_adjustment,False,,
282520,2022,NER,25.0,,25.0,reported,t,False,excluded_price,no_adjustment,False,,
282520,2022,NGA,1725.0,0.001425,1725.0,reported,t,False,excluded_price,no_adjustment,False,,
282520,2022,NLD,10537.465,2223.242909,10537.465,reported,t,False,excluded_price,no_adjustment,False,,
282520,2022,NOR,,0.1,,missing,t,False,missing_price,not_applicable,False,,
282520,2022,NZL,0.095,,0.095,reported,t,False,excluded_price,no_adjustment,False,,
282520,2022,POL,85.59111299999999,45.98249,85.59111299999999,reported,t,True,included,no_adjustment,False,,
282520,2022,PRT,,0.055,,missing,t,False,missing_price,not_applicable,False,,
282520,2022,ROU,1.153,0.07203,1.153,reported,t,True,included,no_adjustment,False,,
282520,2022,RUS,,6031.689504,,missing,t,False,missing_price,not_applicable,False,,
282520,2022,RWA,200.9905,,200.9905,reported,t,False,excluded_price,no_adjustment,False,,
282520,2022,SAU,15.975,,15.975,reported,t,False,excluded_price,no_adjustment,False,,
282520,2022,SGP,18.05097,120.02682,18.05097,reported,t,True,included,no_adjustment,False,,
282520,2022,SRB,0.25,,0.25,reported,t,True,included,no_adjustment,False,,
282520,2022,SVK,,0.015,,missing,t,False,missing_price,not_applicable,False,,
282520,2022,SVN,11.166,31.285,11.166,reported,t,True,included,no_adjustment,False,,
282520,2022,SWE,0.020287,3.0189999999999997,0.020287,reported,t,True,included,no_adjustment,False,,
282520,2022,THA,6.513,,6.513,reported,t,True,included,no_adjustment,False,,
282520,2022,TTO,,0.002,,missing,t,False,missing_price,not_applicable,False,,
282520,2022,TUR,21.425,4.175,21.425,reported,t,True,included,no_adjustment,False,,
282520,2022,UGA,3.46,,3.46,reported,t,False,excluded_price,no_adjustment,False,,
282520,2022,USA,10939.22,8822.582457,10939.22,reported,t,True,included,no_adjustment,False,,
282520,2022,VNM,0.024682,,0.024682,reported,t,True,included,no_adjustment,False,,
282520,2022,ZAF,12.02778,1.132,12.02778,reported,t,False,excluded_price,no_adjustment,False,,
282520,2022,ZWE,,145.096,,missing,t,False,missing_price,not_applicable,False,,
282520,2023,ARE,353.95765,,353.95765,reported,t,True,included,no_adjustment,False,,
282520,2023,ARM,0.00011999999999999999,,0.00011999999999999999,reported,t,True,included,no_adjustment,False,,
282520,2023,AUS,1397.07,438.903826,1397.07,reported,t,True,included,no_adjustment,False,,
282520,2023,AUT,0.011,0.005985,0.011,reported,t,True,included,no_adjustment,False,,
282520,2023,AZE,,0.0017,,missing,t,False,missing_price,not_applicable,False,,
282520,2023,BDI,0.643192,,0.643192,reported,t,True,included,no_adjustment,False,,
282520,2023,BEL,512.36393,532.389985,512.36393,reported,t,True,included,no_adjustment,False,,
282520,2023,BGR,,2.9999999999999997e-05,,missing,t,False,missing_price,not_applicable,False,,
282520,2023,BLR,,15.0,,missing,t,False,missing_price,not_applicable,False,,
282520,2023,CAN,85.096,5.663435000000001,85.096,reported,t,True,included,no_adjustment,False,,
282520,2023,CHE,776.546409,167.869891,776.546409,reported,t,False,excluded_price,no_adjustment,False,,
282520,2023,CHL,23016.4676,27998.893575000002,23016.4676,reported,t,True,included,no_adjustment,False,,
282520,2023,CHN,130016.590021,,130016.590021,reported,t,True,included,no_adjustment,False,,
282520,2023,CRI,0.00346,,0.00346,reported,t,False,excluded_price,no_adjustment,False,,
282520,2023,CZE,2.302,1.44427,2.302,reported,t,True,included,no_adjustment,False,,
282520,2023,DEU,,333.226955,,missing,t,False,missing_price,not_applicable,False,,
282520,2023,DNK,0.195,0.035,0.195,reported,t,False,excluded_price,no_adjustment,False,,
282520,2023,ESP,1.58325,3.37009,1.58325,reported,t,True,included,no_adjustment,False,,
282520,2023,EST,85.08,31.208495999999997,85.08,reported,t,True,included,no_adjustment,False,,
282520,2023,FIN,0.003,0.01499,0.003,reported,t,True,included,no_adjustment,False,,
282520,2023,FRA,262.006126,,262.006126,reported,t,True,included,no_adjustment,False,,
282520,2023,GBR,268.645,171.772703,268.645,reported,t,True,included,no_adjustment,False,,
282520,2023,GRC,0.126,4.190059,0.126,reported,t,True,included,no_adjustment,False,,
282520,2023,HKG,88.05,,88.05,reported,t,True,included,no_adjustment,False,,
282520,2023,HUN,,0.00026700000000000004,,missing,t,False,missing_price,not_applicable,False,,
282520,2023,IND,137.960712,95.467865,137.960712,reported,t,True,included,no_adjustment,False,,
282520,2023,IRL,0.004,0.014237,0.004,reported,t,True,included,no_adjustment,False,,
282520,2023,ISR,0.043057000000000005,,0.043057000000000005,reported,t,True,included,no_adjustment,False,,
282520,2023,ITA,1.676,533.831,1.676,reported,t,True,included,no_adjustment,False,,
282520,2023,JPN,2504.938,1657.295611,2504.938,reported,t,True,included,no_adjustment,False,,
282520,2023,KOR,2265.6350159999997,672.886232,2265.6350159999997,reported,t,True,included,no_adjustment,False,,
282520,2023,LKA,,1.43,,missing,t,False,missing_price,not_applicable,False,,
282520,2023,LTU,0.125,0.2,0.125,reported,t,True,included,no_adjustment,False,,
282520,2023,LUX,,0.004,,missing,t,False,missing_price,not_applicable,False,,
282520,2023,LVA,,0.02,,missing,t,False,missing_price,not_applicable,False,,
282520,2023,MEX,,3.0,,missing,t,False,missing_price,not_applicable,False,,
282520,2023,MKD,0.026,,0.026,reported,t,True,included,no_adjustment,False,,
282520,2023,MLI,0.475,,0.475,reported,t,False,excluded_price,no_adjustment,False,,
282520,2023,MLT,,0.000148,,missing,t,False,missing_price,not_applicable,False,,
282520,2023,MOZ,,,,missing,t,False,missing_price,not_applicable,False,,
282520,2023,MYS,2.369,,2.369,reported,t,False,excluded_price,no_adjustment,False,,
282520,2023,NGA,,,0.42086153753647987,estimated_anchor_price,t,True,included,unverified,True,Reported USD divided by median selected-weight unit price of configured anchor countries (Excel 05/17 legacy method),
282520,2023,NLD,1801.961552,254.09369,1801.961552,reported,t,True,included,no_adjustment,False,,
282520,2023,NOR,,0.129872,,missing,t,False,missing_price,not_applicable,False,,
282520,2023,POL,1309.801943,109.52935000000001,1309.801943,reported,t,True,included,no_adjustment,False,,
282520,2023,QAT,,0.022584,,missing,t,False,missing_price,not_applicable,False,,
282520,2023,ROU,0.55,8.556,0.55,reported,t,True,included,no_adjustment,False,,
282520,2023,RUS,,2710.953714,,missing,t,False,missing_price,not_applicable,False,,
282520,2023,SGP,502.47553000000005,1.0572000000000001,502.47553000000005,reported,t,True,included,no_adjustment,False,,
282520,2023,SRB,0.25,,0.25,reported,t,True,included,no_adjustment,False,,
282520,2023,SVK,,0.00026700000000000004,,missing,t,False,missing_price,not_applicable,False,,
282520,2023,SVN,3.0021,6.0401,3.0021,reported,t,True,included,no_adjustment,False,,
282520,2023,SWE,155.21718900000002,506.705,155.21718900000002,reported,t,True,included,no_adjustment,False,,
282520,2023,THA,0.494,2.944,0.494,reported,t,True,included,no_adjustment,False,,
282520,2023,TUR,2.108,0.025150000000000002,2.108,reported,t,True,included,no_adjustment,False,,
282520,2023,UKR,0.00035,,0.00035,reported,t,True,included,no_adjustment,False,,
282520,2023,USA,8649.333,,8649.333,reported,t,True,included,no_adjustment,False,,
282520,2023,VNM,4.149479,,4.149479,reported,t,True,included,no_adjustment,False,,
282520,2023,ZAF,133.658193,54.46364,133.658193,reported,t,False,excluded_price,no_adjustment,False,,
282520,2023,ZWE,0.01221,10.0,0.01221,reported,t,False,excluded_price,no_adjustment,False,,
282520,2024,ARE,,28.581,,missing,t,False,missing_price,not_applicable,False,,
282520,2024,ARG,,0.038,,missing,t,False,missing_price,not_applicable,False,,
282520,2024,AUS,2253.184,7387.353226,7386.139546,mirror_lower_bound,t,False,excluded_price,unverified,True,,
282520,2024,AUT,0.07993600000000001,2.0152,0.07993600000000001,reported,t,True,included,no_adjustment,False,,
282520,2024,BDI,,24.0,,missing,t,False,missing_price,not_applicable,False,,
282520,2024,BEL,170.60667999999998,275.331572,170.60667999999998,reported,t,True,included,no_adjustment,False,,
282520,2024,BRA,6221.55,5.004517,6221.55,reported,t,False,excluded_price,no_adjustment,False,,
282520,2024,BRN,0.95,,0.95,reported,t,False,excluded_price,no_adjustment,False,,
282520,2024,CAN,0.005,3.336,0.005,reported,t,True,included,no_adjustment,False,,
282520,2024,CHE,408.224316,53.522449,408.224316,reported,t,False,excluded_price,no_adjustment,False,,
282520,2024,CHL,21125.109,18634.585156,21125.109,reported,t,True,included,no_adjustment,False,,
282520,2024,CHN,120734.603831,120949.229168,120734.603831,reported,t,True,included,no_adjustment,False,,
282520,2024,CZE,1.45,2.37976,1.45,reported,t,True,included,no_adjustment,False,,
282520,2024,DEU,,315.533243,,missing,t,False,missing_price,not_applicable,False,,
282520,2024,DNK,0.032,0.005208999999999999,0.032,reported,t,False,excluded_price,no_adjustment,False,,
282520,2024,ESP,16.416,17.065,16.416,reported,t,True,included,no_adjustment,False,,
282520,2024,EST,16.00035,5.927,16.00035,reported,t,True,included,no_adjustment,False,,
282520,2024,FIN,0.006008,0.002,0.006008,reported,t,True,included,no_adjustment,False,,
282520,2024,FRA,303.381376,130.80698999999998,303.381376,reported,t,True,included,no_adjustment,False,,
282520,2024,GBR,401.702,,401.702,reported,t,True,included,no_adjustment,False,,
282520,2024,GUY,0.05,,0.05,reported,t,True,included,no_adjustment,False,,
282520,2024,HKG,0.158,15.3034,0.158,reported,t,True,included,no_adjustment,False,,
282520,2024,HRV,4.2,2.35805,4.2,reported,t,True,included,no_adjustment,False,,
282520,2024,HUN,,0.0005470000000000001,,missing,t,False,missing_price,not_applicable,False,,
282520,2024,IDN,11.2503,,11.2503,reported,t,False,excluded_price,no_adjustment,False,,
282520,2024,IND,120.73592500000001,19.737609,120.73592500000001,reported,t,True,included,no_adjustment,False,,
282520,2024,IRL,,0.00023400000000000002,,missing,t,False,missing_price,not_applicable,False,,
282520,2024,ITA,6.225,5.155,6.225,reported,t,True,included,no_adjustment,False,,
282520,2024,JPN,2407.457841,663.5432119999999,2407.457841,reported,t,True,included,no_adjustment,False,,
282520,2024,KEN,0.02,,0.02,reported,t,True,included,no_adjustment,False,,
282520,2024,KOR,3483.168159,1415.386,3483.168159,reported,t,True,included,no_adjustment,False,,
282520,2024,LUX,,0.019688999999999998,,missing,t,False,missing_price,not_applicable,False,,
282520,2024,LVA,0.045,0.008419000000000001,0.045,reported,t,True,included,no_adjustment,False,,
282520,2024,MAR,,0.002917,,missing,t,False,missing_price,not_applicable,False,,
282520,2024,MEX,,4.057,,missing,t,False,missing_price,not_applicable,False,,
282520,2024,MLT,0.005,0.001328,0.005,reported,t,True,included,no_adjustment,False,,
282520,2024,MYS,3.99555,0.024,3.99555,reported,t,False,excluded_price,no_adjustment,False,,
282520,2024,NGA,8604.27,,8604.27,reported,t,False,excluded_price,no_adjustment,False,,
282520,2024,NLD,3235.939,342.76384,3235.939,reported,t,True,included,no_adjustment,False,,
282520,2024,NOR,0.055,,0.055,reported,t,True,included,no_adjustment,False,,
282520,2024,NZL,,0.003,,missing,t,False,missing_price,not_applicable,False,,
282520,2024,POL,93.021,103.75734,93.021,reported,t,True,included,no_adjustment,False,,
282520,2024,PRT,0.299,0.012469000000000001,0.299,reported,t,True,included,no_adjustment,False,,
282520,2024,QAT,,0.01219,,missing,t,False,missing_price,not_applicable,False,,
282520,2024,ROU,0.774,,0.774,reported,t,True,included,no_adjustment,False,,
282520,2024,RUS,,1069.196835,,missing,t,False,missing_price,not_applicable,False,,
282520,2024,SGP,2.0152,50.079607,2.0152,reported,t,True,included,no_adjustment,False,,
282520,2024,SVK,,1.002,,missing,t,False,missing_price,not_applicable,False,,
282520,2024,SVN,0.00312,3.000254,0.00312,reported,t,True,included,no_adjustment,False,,
282520,2024,SWE,13.184377,310.114,13.184377,reported,t,True,included,no_adjustment,False,,
282520,2024,THA,0.703,,0.703,reported,t,True,included,no_adjustment,False,,
282520,2024,TTO,0.006,,0.006,reported,t,False,excluded_price,no_adjustment,False,,
282520,2024,TUR,6.582,1.006762,6.582,reported,t,True,included,no_adjustment,False,,
282520,2024,USA,8747.793,,8747.793,reported,t,True,included,no_adjustment,False,,
282520,2024,ZAF,143.79185999999999,137.516,143.79185999999999,reported,t,False,excluded_price,no_adjustment,False,,
282520,2024,ZWE,0.1,,0.1,reported,t,False,excluded_price,no_adjustment,False,,
253090_china_import,2017,ALB,1.2,,1.2,reported_china_import,t,False,insufficient_data,no_adjustment,False,,
253090_china_import,2017,AUS,3003123.608019,,3003123.608019,reported_china_import,t,True,lithium,no_adjustment,False,,
253090_china_import,2017,AUT,53.0,,53.0,reported_china_import,t,False,insufficient_data,no_adjustment,False,,
253090_china_import,2017,ARM,0.41,,0.41,reported_china_import,t,False,insufficient_data,no_adjustment,False,,
253090_china_import,2017,BEL,305.449291,,305.449291,reported_china_import,t,False,insufficient_data,no_adjustment,False,,
253090_china_import,2017,BRA,517.827,,517.827,reported_china_import,t,True,lithium,no_adjustment,False,,
253090_china_import,2017,MMR,125.217,,125.217,reported_china_import,t,True,lithium,no_adjustment,False,,
253090_china_import,2017,KHM,0.51,,0.51,reported_china_import,t,False,insufficient_data,no_adjustment,False,,
253090_china_import,2017,CAN,51.579696000000006,,51.579696000000006,reported_china_import,t,True,lithium,no_adjustment,False,,
253090_china_import,2017,CHL,10113.877,,10113.877,reported_china_import,t,False,insufficient_data,no_adjustment,False,,
253090_china_import,2017,CHN,788.085177,,788.085177,reported_china_import,t,False,insufficient_data,no_adjustment,False,,
253090_china_import,2017,COL,0.18,,0.18,reported_china_import,t,False,insufficient_data,no_adjustment,False,,
253090_china_import,2017,COG,1.304,,1.304,reported_china_import,t,False,insufficient_data,no_adjustment,False,,
253090_china_import,2017,COD,2.691,,2.691,reported_china_import,t,False,insufficient_data,no_adjustment,False,,
253090_china_import,2017,CYP,356.152,,356.152,reported_china_import,t,False,insufficient_data,no_adjustment,False,,
253090_china_import,2017,CZE,9.917134,,9.917134,reported_china_import,t,False,insufficient_data,no_adjustment,False,,
253090_china_import,2017,DNK,1.337,,1.337,reported_china_import,t,False,insufficient_data,no_adjustment,False,,
253090_china_import,2017,DOM,15.600211999999999,,15.600211999999999,reported_china_import,t,False,insufficient_data,no_adjustment,False,,
253090_china_import,2017,FIN,594.5,,594.5,reported_china_import,t,False,insufficient_data,no_adjustment,False,,
253090_china_import,2017,FRA,506.227,,506.227,reported_china_import,t,False,insufficient_data,no_adjustment,False,,
253090_china_import,2017,GEO,7.100498,,7.100498,reported_china_import,t,False,insufficient_data,no_adjustment,False,,
253090_china_import,2017,DEU,5728.537401,,5728.537401,reported_china_import,t,False,insufficient_data,no_adjustment,False,,
253090_china_import,2017,GRC,0.09,,0.09,reported_china_import,t,False,insufficient_data,no_adjustment,False,,
253090_china_import,2017,GRL,0.47,,0.47,reported_china_import,t,False,insufficient_data,no_adjustment,False,,
253090_china_import,2017,GIN,0.129,,0.129,reported_china_import,t,False,insufficient_data,no_adjustment,False,,
253090_china_import,2017,HKG,69476.6,,69476.6,reported_china_import,t,False,non_lithium,no_adjustment,False,,
253090_china_import,2017,HUN,0.009,,0.009,reported_china_import,t,False,insufficient_data,no_adjustment,False,,
253090_china_import,2017,IDN,156.832,,156.832,reported_china_import,t,False,non_lithium,no_adjustment,False,,
253090_china_import,2017,IRN,166943.425,,166943.425,reported_china_import,t,False,non_lithium,no_adjustment,False,,
253090_china_import,2017,ITA,379.011,,379.011,reported_china_import,t,False,insufficient_data,no_adjustment,False,,
253090_china_import,2017,JPN,16996.727,,16996.727,reported_china_import,t,False,non_lithium,no_adjustment,False,,
253090_china_import,2017,KAZ,38.073694,,38.073694,reported_china_import,t,False,insufficient_data,no_adjustment,False,,
253090_china_import,2017,JOR,5.01,,5.01,reported_china_import,t,False,insufficient_data,no_adjustment,False,,
253090_china_import,2017,KEN,0.021,,0.021,reported_china_import,t,False,insufficient_data,no_adjustment,False,,
253090_china_import,2017,PRK,3211.842,,3211.842,reported_china_import,t,False,insufficient_data,no_adjustment,False,,
253090_china_import,2017,KOR,9427.593418999999,,9427.593418999999,reported_china_import,t,False,insufficient_data,no_adjustment,False,,
253090_china_import,2017,LAO,1914.03,,1914.03,reported_china_import,t,False,insufficient_data,no_adjustment,False,,
253090_china_import,2017,LVA,0.003,,0.003,reported_china_import,t,False,insufficient_data,no_adjustment,False,,
253090_china_import,2017,LTU,0.165,,0.165,reported_china_import,t,False,insufficient_data,no_adjustment,False,,
253090_china_import,2017,MDG,30.6,,30.6,reported_china_import,t,False,insufficient_data,no_adjustment,False,,
253090_china_import,2017,MWI,0.038,,0.038,reported_china_import,t,False,insufficient_data,no_adjustment,False,,
253090_china_import,2017,MYS,533.826,,533.826,reported_china_import,t,False,non_lithium,no_adjustment,False,,
253090_china_import,2017,MLI,0.3,,0.3,reported_china_import,t,False,insufficient_data,no_adjustment,False,,
253090_china_import,2017,MRT,0.514,,0.514,reported_china_import,t,False,insufficient_data,no_adjustment,False,,
253090_china_import,2017,MEX,429.46492700000005,,429.46492700000005,reported_china_import,t,False,insufficient_data,no_adjustment,False,,
253090_china_import,2017,MNG,7.497,,7.497,reported_china_import,t,False,insufficient_data,no_adjustment,False,,
253090_china_import,2017,MAR,149.946,,149.946,reported_china_import,t,False,insufficient_data,no_adjustment,False,,
253090_china_import,2017,MOZ,5.0,,5.0,reported_china_import,t,False,insufficient_data,no_adjustment,False,,
253090_china_import,2017,NAM,0.628,,0.628,reported_china_import,t,False,non_lithium,no_adjustment,False,,
253090_china_import,2017,NPL,1.11,,1.11,reported_china_import,t,False,insufficient_data,no_adjustment,False,,
253090_china_import,2017,NLD,334.002,,334.002,reported_china_import,t,False,insufficient_data,no_adjustment,False,,
253090_china_import,2017,NZL,14.8,,14.8,reported_china_import,t,False,insufficient_data,no_adjustment,False,,
253090_china_import,2017,NGA,662.673,,662.673,reported_china_import,t,True,lithium,no_adjustment,False,,
253090_china_import,2017,NOR,280.086,,280.086,reported_china_import,t,False,insufficient_data,no_adjustment,False,,
253090_china_import,2017,PAK,93.661,,93.661,reported_china_import,t,False,insufficient_data,no_adjustment,False,,
253090_china_import,2017,PAN,0.006,,0.006,reported_china_import,t,False,insufficient_data,no_adjustment,False,,
253090_china_import,2017,PER,0.153,,0.153,reported_china_import,t,False,insufficient_data,no_adjustment,False,,
253090_china_import,2017,PHL,170.96,,170.96,reported_china_import,t,False,insufficient_data,no_adjustment,False,,
253090_china_import,2017,POL,42.491364999999995,,42.491364999999995,reported_china_import,t,False,insufficient_data,no_adjustment,False,,
253090_china_import,2017,PRT,0.5,,0.5,reported_china_import,t,False,insufficient_data,no_adjustment,False,,
253090_china_import,2017,RUS,271.418694,,271.418694,reported_china_import,t,False,non_lithium,no_adjustment,False,,
253090_china_import,2017,RWA,336.0,,336.0,reported_china_import,t,False,insufficient_data,no_adjustment,False,,
253090_china_import,2017,SEN,0.204,,0.204,reported_china_import,t,False,insufficient_data,no_adjustment,False,,
253090_china_import,2017,IND,1769.155,,1769.155,reported_china_import,t,False,insufficient_data,no_adjustment,False,,
253090_china_import,2017,SGP,80.601,,80.601,reported_china_import,t,False,insufficient_data,no_adjustment,False,,
253090_china_import,2017,SVK,169.929665,,169.929665,reported_china_import,t,False,insufficient_data,no_adjustment,False,,
253090_china_import,2017,VNM,709245.41,,709245.41,reported_china_import,t,False,non_lithium,no_adjustment,False,,
253090_china_import,2017,SVN,16.375,,16.375,reported_china_import,t,False,insufficient_data,no_adjustment,False,,
253090_china_import,2017,ZAF,15454.556,,15454.556,reported_china_import,t,False,non_lithium,no_adjustment,False,,
253090_china_import,2017,ZWE,2.84,,2.84,reported_china_import,t,True,lithium,no_adjustment,False,,
253090_china_import,2017,ESP,1205.0625400000001,,1205.0625400000001,reported_china_import,t,False,non_lithium,no_adjustment,False,,
253090_china_import,2017,SDN,0.02,,0.02,reported_china_import,t,False,insufficient_data,no_adjustment,False,,
253090_china_import,2017,CHE,0.006,,0.006,reported_china_import,t,False,insufficient_data,no_adjustment,False,,
253090_china_import,2017,TJK,0.046,,0.046,reported_china_import,t,False,insufficient_data,no_adjustment,False,,
253090_china_import,2017,THA,755.119,,755.119,reported_china_import,t,False,insufficient_data,no_adjustment,False,,
253090_china_import,2017,ARE,25824.7,,25824.7,reported_china_import,t,False,non_lithium,no_adjustment,False,,
253090_china_import,2017,TUR,1932.516,,1932.516,reported_china_import,t,False,non_lithium,no_adjustment,False,,
253090_china_import,2017,TKM,8326.19,,8326.19,reported_china_import,t,False,non_lithium,no_adjustment,False,,
253090_china_import,2017,UKR,55.904678,,55.904678,reported_china_import,t,False,insufficient_data,no_adjustment,False,,
253090_china_import,2017,EGY,18.25,,18.25,reported_china_import,t,False,insufficient_data,no_adjustment,False,,
253090_china_import,2017,GBR,107.085,,107.085,reported_china_import,t,False,insufficient_data,no_adjustment,False,,
253090_china_import,2017,TZA,0.514,,0.514,reported_china_import,t,False,insufficient_data,no_adjustment,False,,
253090_china_import,2017,USA,4290.0067070000005,,4290.0067070000005,reported_china_import,t,False,non_lithium,no_adjustment,False,,
253090_china_import,2017,ZMB,1.323,,1.323,reported_china_import,t,False,insufficient_data,no_adjustment,False,,
253090_china_import,2018,AFG,0.006,,0.006,reported_china_import,t,False,insufficient_data,no_adjustment,False,,
253090_china_import,2018,ALB,22.133,,22.133,reported_china_import,t,False,insufficient_data,no_adjustment,False,,
253090_china_import,2018,AUS,4076488.3,,4076488.3,reported_china_import,t,True,lithium,no_adjustment,False,,
253090_china_import,2018,AUT,119.82818499999999,,119.82818499999999,reported_china_import,t,False,insufficient_data,no_adjustment,False,,
253090_china_import,2018,BGD,1.617,,1.617,reported_china_import,t,False,insufficient_data,no_adjustment,False,,
253090_china_import,2018,BEL,18.796671,,18.796671,reported_china_import,t,False,insufficient_data,no_adjustment,False,,
253090_china_import,2018,BOL,0.015,,0.015,reported_china_import,t,False,insufficient_data,no_adjustment,False,,
253090_china_import,2018,BRA,2102.646,,2102.646,reported_china_import,t,True,lithium,no_adjustment,False,,
253090_china_import,2018,SLB,0.105,,0.105,reported_china_import,t,False,insufficient_data,no_adjustment,False,,
253090_china_import,2018,MMR,295.829,,295.829,reported_china_import,t,True,lithium,no_adjustment,False,,
253090_china_import,2018,BDI,504.14,,504.14,reported_china_import,t,False,insufficient_data,no_adjustment,False,,
253090_china_import,2018,CAN,87367.405,,87367.405,reported_china_import,t,True,lithium,no_adjustment,False,,
253090_china_import,2018,LKA,0.301,,0.301,reported_china_import,t,False,insufficient_data,no_adjustment,False,,
253090_china_import,2018,CHL,84.376,,84.376,reported_china_import,t,False,insufficient_data,no_adjustment,False,,
253090_china_import,2018,CHN,2.98,,2.98,reported_china_import,t,False,insufficient_data,no_adjustment,False,,
253090_china_import,2018,COG,0.55,,0.55,reported_china_import,t,False,insufficient_data,no_adjustment,False,,
253090_china_import,2018,COD,7.982,,7.982,reported_china_import,t,False,insufficient_data,no_adjustment,False,,
253090_china_import,2018,HRV,48.59,,48.59,reported_china_import,t,False,insufficient_data,no_adjustment,False,,
253090_china_import,2018,CUB,2.1,,2.1,reported_china_import,t,False,insufficient_data,no_adjustment,False,,
253090_china_import,2018,CYP,277.182,,277.182,reported_china_import,t,False,insufficient_data,no_adjustment,False,,
253090_china_import,2018,CZE,0.472,,0.472,reported_china_import,t,False,insufficient_data,no_adjustment,False,,
253090_china_import,2018,DNK,1.1,,1.1,reported_china_import,t,False,insufficient_data,no_adjustment,False,,
253090_china_import,2018,DOM,0.011,,0.011,reported_china_import,t,False,insufficient_data,no_adjustment,False,,
253090_china_import,2018,ETH,0.18,,0.18,reported_china_import,t,False,insufficient_data,no_adjustment,False,,
253090_china_import,2018,FIN,955.0,,955.0,reported_china_import,t,False,insufficient_data,no_adjustment,False,,
253090_china_import,2018,FRA,984.486,,984.486,reported_china_import,t,False,insufficient_data,no_adjustment,False,,
253090_china_import,2018,DEU,5747.892,,5747.892,reported_china_import,t,False,insufficient_data,no_adjustment,False,,
253090_china_import,2018,GRL,1.79,,1.79,reported_china_import,t,False,insufficient_data,no_adjustment,False,,
253090_china_import,2018,GTM,0.255,,0.255,reported_china_import,t,False,insufficient_data,no_adjustment,False,,
253090_china_import,2018,GIN,0.05,,0.05,reported_china_import,t,False,insufficient_data,no_adjustment,False,,
253090_china_import,2018,HKG,0.062,,0.062,reported_china_import,t,False,non_lithium,no_adjustment,False,,
253090_china_import,2018,HUN,0.05,,0.05,reported_china_import,t,False,insufficient_data,no_adjustment,False,,
253090_china_import,2018,IDN,117.105,,117.105,reported_china_import,t,False,non_lithium,no_adjustment,False,,
253090_china_import,2018,IRN,92143.25,,92143.25,reported_china_import,t,False,non_lithium,no_adjustment,False,,
253090_china_import,2018,ISR,0.1,,0.1,reported_china_import,t,False,insufficient_data,no_adjustment,False,,
253090_china_import,2018,ITA,126.877,,126.877,reported_china_import,t,False,insufficient_data,no_adjustment,False,,
253090_china_import,2018,JPN,13446.357,,13446.357,reported_china_import,t,False,non_lithium,no_adjustment,False,,
253090_china_import,2018,KAZ,5.288359000000001,,5.288359000000001,reported_china_import,t,False,insufficient_data,no_adjustment,False,,
253090_china_import,2018,JOR,14.11,,14.11,reported_china_import,t,False,insufficient_data,no_adjustment,False,,
253090_china_import,2018,KEN,424.187,,424.187,reported_china_import,t,False,insufficient_data,no_adjustment,False,,
253090_china_import,2018,PRK,34.232,,34.232,reported_china_import,t,False,insufficient_data,no_adjustment,False,,
253090_china_import,2018,KOR,6010.878,,6010.878,reported_china_import,t,False,insufficient_data,no_adjustment,False,,
253090_china_import,2018,LAO,383.309,,383.309,reported_china_import,t,False,insufficient_data,no_adjustment,False,,
253090_china_import,2018,LVA,0.193,,0.193,reported_china_import,t,False,insufficient_data,no_adjustment,False,,
253090_china_import,2018,LTU,0.342,,0.342,reported_china_import,t,False,insufficient_data,no_adjustment,False,,
253090_china_import,2018,MDG,19.44,,19.44,reported_china_import,t,False,insufficient_data,no_adjustment,False,,
253090_china_import,2018,MYS,1333.2,,1333.2,reported_china_import,t,False,non_lithium,no_adjustment,False,,
253090_china_import,2018,MRT,1.012,,1.012,reported_china_import,t,False,insufficient_data,no_adjustment,False,,
253090_china_import,2018,MEX,448.614,,448.614,reported_china_import,t,False,insufficient_data,no_adjustment,False,,
253090_china_import,2018,MNG,10.905,,10.905,reported_china_import,t,False,insufficient_data,no_adjustment,False,,
253090_china_import,2018,MAR,84.065519,,84.065519,reported_china_import,t,False,insufficient_data,no_adjustment,False,,
253090_china_import,2018,MOZ,0.15,,0.15,reported_china_import,t,False,insufficient_data,no_adjustment,False,,
253090_china_import,2018,NAM,30321.1,,30321.1,reported_china_import,t,False,non_lithium,no_adjustment,False,,
253090_china_import,2018,NLD,250.1,,250.1,reported_china_import,t,False,insufficient_data,no_adjustment,False,,
253090_china_import,2018,NZL,22.87,,22.87,reported_china_import,t,False,insufficient_data,no_adjustment,False,,
253090_china_import,2018,NER,0.64,,0.64,reported_china_import,t,False,insufficient_data,no_adjustment,False,,
253090_china_import,2018,NGA,9473.48,,9473.48,reported_china_import,t,True,lithium,no_adjustment,False,,
253090_china_import,2018,NOR,134.945,,134.945,reported_china_import,t,False,insufficient_data,no_adjustment,False,,
253090_china_import,2018,PAK,0.492,,0.492,reported_china_import,t,False,insufficient_data,no_adjustment,False,,
253090_china_import,2018,PER,0.01,,0.01,reported_china_import,t,False,insufficient_data,no_adjustment,False,,
253090_china_import,2018,PHL,13.03,,13.03,reported_china_import,t,False,insufficient_data,no_adjustment,False,,
253090_china_import,2018,POL,25.215,,25.215,reported_china_import,t,False,insufficient_data,no_adjustment,False,,
253090_china_import,2018,PRT,0.07037099999999999,,0.07037099999999999,reported_china_import,t,False,insufficient_data,no_adjustment,False,,
253090_china_import,2018,RUS,3408.289491,,3408.289491,reported_china_import,t,False,non_lithium,no_adjustment,False,,
253090_china_import,2018,SAU,3.767,,3.767,reported_china_import,t,False,insufficient_data,no_adjustment,False,,
253090_china_import,2018,SRB,102.056,,102.056,reported_china_import,t,False,insufficient_data,no_adjustment,False,,
253090_china_import,2018,IND,2534.599,,2534.599,reported_china_import,t,False,insufficient_data,no_adjustment,False,,
253090_china_import,2018,SGP,100.0,,100.0,reported_china_import,t,False,insufficient_data,no_adjustment,False,,
253090_china_import,2018,SVK,420.384,,420.384,reported_china_import,t,False,insufficient_data,no_adjustment,False,,
253090_china_import,2018,VNM,678509.4,,678509.4,reported_china_import,t,False,non_lithium,no_adjustment,False,,
253090_china_import,2018,SVN,21.0,,21.0,reported_china_import,t,False,insufficient_data,no_adjustment,False,,
253090_china_import,2018,SOM,185.397,,185.397,reported_china_import,t,False,insufficient_data,no_adjustment,False,,
253090_china_import,2018,ZAF,18196.661019000003,,18196.661019000003,reported_china_import,t,False,non_lithium,no_adjustment,False,,
253090_china_import,2018,ZWE,472.111,,472.111,reported_china_import,t,True,lithium,no_adjustment,False,,
253090_china_import,2018,ESP,1463.235,,1463.235,reported_china_import,t,False,non_lithium,no_adjustment,False,,
253090_china_import,2018,CHE,42.832,,42.832,reported_china_import,t,False,insufficient_data,no_adjustment,False,,
253090_china_import,2018,TJK,0.591,,0.591,reported_china_import,t,False,insufficient_data,no_adjustment,False,,
253090_china_import,2018,THA,19.908,,19.908,reported_china_import,t,False,insufficient_data,no_adjustment,False,,
253090_china_import,2018,ARE,62701.83,,62701.83,reported_china_import,t,False,non_lithium,no_adjustment,False,,
253090_china_import,2018,TUR,3288.385,,3288.385,reported_china_import,t,False,non_lithium,no_adjustment,False,,
253090_china_import,2018,TKM,58516.64,,58516.64,reported_china_import,t,False,non_lithium,no_adjustment,False,,
253090_china_import,2018,UKR,17.413,,17.413,reported_china_import,t,False,insufficient_data,no_adjustment,False,,
253090_china_import,2018,EGY,56.57,,56.57,reported_china_import,t,False,insufficient_data,no_adjustment,False,,
253090_china_import,2018,GBR,112.84615099999999,,112.84615099999999,reported_china_import,t,False,insufficient_data,no_adjustment,False,,
253090_china_import,2018,TZA,0.003,,0.003,reported_china_import,t,False,insufficient_data,no_adjustment,False,,
253090_china_import,2018,USA,32365.989,,32365.989,reported_china_import,t,False,non_lithium,no_adjustment,False,,
253090_china_import,2018,URY,0.858,,0.858,reported_china_import,t,False,insufficient_data,no_adjustment,False,,
253090_china_import,2018,ZMB,0.1,,0.1,reported_china_import,t,False,insufficient_data,no_adjustment,False,,
253090_china_import,2019,AFG,0.002,,0.002,reported_china_import,t,False,insufficient_data,no_adjustment,False,,
253090_china_import,2019,AGO,0.23,,0.23,reported_china_import,t,False,insufficient_data,no_adjustment,False,,
253090_china_import,2019,ARG,47.396,,47.396,reported_china_import,t,False,insufficient_data,no_adjustment,False,,
253090_china_import,2019,AUS,1563317.973,,1563317.973,reported_china_import,t,True,lithium,no_adjustment,False,,
253090_china_import,2019,AUT,71.223,,71.223,reported_china_import,t,False,insufficient_data,no_adjustment,False,,
253090_china_import,2019,ARM,0.18,,0.18,reported_china_import,t,False,insufficient_data,no_adjustment,False,,
253090_china_import,2019,BEL,18.835151999999997,,18.835151999999997,reported_china_import,t,False,insufficient_data,no_adjustment,False,,
253090_china_import,2019,BRA,27513.07,,27513.07,reported_china_import,t,True,lithium,no_adjustment,False,,
253090_china_import,2019,MMR,4657.698,,4657.698,reported_china_import,t,True,lithium,no_adjustment,False,,
253090_china_import,2019,BDI,500.0,,500.0,reported_china_import,t,False,insufficient_data,no_adjustment,False,,
253090_china_import,2019,BLR,0.02,,0.02,reported_china_import,t,False,insufficient_data,no_adjustment,False,,
253090_china_import,2019,CMR,0.043,,0.043,reported_china_import,t,False,insufficient_data,no_adjustment,False,,
253090_china_import,2019,CAN,70148.230412,,70148.230412,reported_china_import,t,True,lithium,no_adjustment,False,,
253090_china_import,2019,TCD,1.821,,1.821,reported_china_import,t,False,insufficient_data,no_adjustment,False,,
253090_china_import,2019,CHL,11.692047,,11.692047,reported_china_import,t,False,insufficient_data,no_adjustment,False,,
253090_china_import,2019,CHN,46.074,,46.074,reported_china_import,t,False,insufficient_data,no_adjustment,False,,
253090_china_import,2019,COL,0.192,,0.192,reported_china_import,t,False,insufficient_data,no_adjustment,False,,
253090_china_import,2019,COD,0.37,,0.37,reported_china_import,t,False,insufficient_data,no_adjustment,False,,
253090_china_import,2019,HRV,0.3,,0.3,reported_china_import,t,False,insufficient_data,no_adjustment,False,,
253090_china_import,2019,CYP,242.761,,242.761,reported_china_import,t,False,insufficient_data,no_adjustment,False,,
253090_china_import,2019,CZE,7.221181,,7.221181,reported_china_import,t,False,insufficient_data,no_adjustment,False,,
253090_china_import,2019,DNK,223.377105,,223.377105,reported_china_import,t,False,insufficient_data,no_adjustment,False,,
253090_china_import,2019,DOM,0.012,,0.012,reported_china_import,t,False,insufficient_data,no_adjustment,False,,
253090_china_import,2019,ERI,0.647,,0.647,reported_china_import,t,False,insufficient_data,no_adjustment,False,,
253090_china_import,2019,FJI,0.997,,0.997,reported_china_import,t,False,insufficient_data,no_adjustment,False,,
253090_china_import,2019,FIN,637.392,,637.392,reported_china_import,t,False,insufficient_data,no_adjustment,False,,
253090_china_import,2019,FRA,1352.935,,1352.935,reported_china_import,t,False,insufficient_data,no_adjustment,False,,
253090_china_import,2019,DEU,4244.955,,4244.955,reported_china_import,t,False,insufficient_data,no_adjustment,False,,
253090_china_import,2019,GTM,9.961,,9.961,reported_china_import,t,False,insufficient_data,no_adjustment,False,,
253090_china_import,2019,HKG,0.479,,0.479,reported_china_import,t,False,non_lithium,no_adjustment,False,,
253090_china_import,2019,HUN,0.145,,0.145,reported_china_import,t,False,insufficient_data,no_adjustment,False,,
253090_china_import,2019,IDN,208.114,,208.114,reported_china_import,t,False,non_lithium,no_adjustment,False,,
253090_china_import,2019,IRN,106916.38,,106916.38,reported_china_import,t,False,non_lithium,no_adjustment,False,,
253090_china_import,2019,ISR,0.415,,0.415,reported_china_import,t,False,insufficient_data,no_adjustment,False,,
253090_china_import,2019,ITA,431.305,,431.305,reported_china_import,t,False,insufficient_data,no_adjustment,False,,
253090_china_import,2019,JPN,9284.366,,9284.366,reported_china_import,t,False,non_lithium,no_adjustment,False,,
253090_china_import,2019,JOR,43.08,,43.08,reported_china_import,t,False,insufficient_data,no_adjustment,False,,
253090_china_import,2019,KEN,1.223,,1.223,reported_china_import,t,False,insufficient_data,no_adjustment,False,,
253090_china_import,2019,KOR,5480.211,,5480.211,reported_china_import,t,False,insufficient_data,no_adjustment,False,,
253090_china_import,2019,KGZ,0.285,,0.285,reported_china_import,t,False,insufficient_data,no_adjustment,False,,
253090_china_import,2019,LAO,919.202,,919.202,reported_china_import,t,False,insufficient_data,no_adjustment,False,,
253090_china_import,2019,LVA,9.097,,9.097,reported_china_import,t,False,insufficient_data,no_adjustment,False,,
253090_china_import,2019,LTU,22.809294,,22.809294,reported_china_import,t,False,insufficient_data,no_adjustment,False,,
253090_china_import,2019,MDG,50.583,,50.583,reported_china_import,t,False,insufficient_data,no_adjustment,False,,
253090_china_import,2019,MWI,0.237,,0.237,reported_china_import,t,False,insufficient_data,no_adjustment,False,,
253090_china_import,2019,MYS,8643.159,,8643.159,reported_china_import,t,False,non_lithium,no_adjustment,False,,
253090_china_import,2019,MLI,576.58,,576.58,reported_china_import,t,False,insufficient_data,no_adjustment,False,,
253090_china_import,2019,MEX,480.85127500000004,,480.85127500000004,reported_china_import,t,False,insufficient_data,no_adjustment,False,,
253090_china_import,2019,MNG,5.43,,5.43,reported_china_import,t,False,insufficient_data,no_adjustment,False,,
253090_china_import,2019,MDA,10.113,,10.113,reported_china_import,t,False,insufficient_data,no_adjustment,False,,
253090_china_import,2019,MAR,56.598,,56.598,reported_china_import,t,False,insufficient_data,no_adjustment,False,,
253090_china_import,2019,MOZ,18.266,,18.266,reported_china_import,t,False,insufficient_data,no_adjustment,False,,
253090_china_import,2019,NAM,0.2,,0.2,reported_china_import,t,False,non_lithium,no_adjustment,False,,
253090_china_import,2019,NPL,0.4,,0.4,reported_china_import,t,False,insufficient_data,no_adjustment,False,,
253090_china_import,2019,NLD,240.2,,240.2,reported_china_import,t,False,insufficient_data,no_adjustment,False,,
253090_china_import,2019,NZL,39.675,,39.675,reported_china_import,t,False,insufficient_data,no_adjustment,False,,
253090_china_import,2019,NGA,4093.183,,4093.183,reported_china_import,t,True,lithium,no_adjustment,False,,
253090_china_import,2019,NOR,137.035,,137.035,reported_china_import,t,False,insufficient_data,no_adjustment,False,,
253090_china_import,2019,PAK,54.868,,54.868,reported_china_import,t,False,insufficient_data,no_adjustment,False,,
253090_china_import,2019,PHL,61.449,,61.449,reported_china_import,t,False,insufficient_data,no_adjustment,False,,
253090_china_import,2019,POL,56.969,,56.969,reported_china_import,t,False,insufficient_data,no_adjustment,False,,
253090_china_import,2019,RUS,501.083591,,501.083591,reported_china_import,t,False,non_lithium,no_adjustment,False,,
253090_china_import,2019,RWA,0.719,,0.719,reported_china_import,t,False,insufficient_data,no_adjustment,False,,
253090_china_import,2019,SAU,2.393,,2.393,reported_china_import,t,False,insufficient_data,no_adjustment,False,,
253090_china_import,2019,SRB,0.556,,0.556,reported_china_import,t,False,insufficient_data,no_adjustment,False,,
253090_china_import,2019,SLE,1.289,,1.289,reported_china_import,t,False,insufficient_data,no_adjustment,False,,
253090_china_import,2019,IND,1738.618,,1738.618,reported_china_import,t,False,insufficient_data,no_adjustment,False,,
253090_china_import,2019,SGP,120.34,,120.34,reported_china_import,t,False,insufficient_data,no_adjustment,False,,
253090_china_import,2019,SVK,294.62,,294.62,reported_china_import,t,False,insufficient_data,no_adjustment,False,,
253090_china_import,2019,VNM,785084.2,,785084.2,reported_china_import,t,False,non_lithium,no_adjustment,False,,
253090_china_import,2019,SVN,11.0,,11.0,reported_china_import,t,False,insufficient_data,no_adjustment,False,,
253090_china_import,2019,SOM,287.809,,287.809,reported_china_import,t,False,insufficient_data,no_adjustment,False,,
253090_china_import,2019,ZAF,8773.579,,8773.579,reported_china_import,t,False,non_lithium,no_adjustment,False,,
253090_china_import,2019,ZWE,501.6,,501.6,reported_china_import,t,True,lithium,no_adjustment,False,,
253090_china_import,2019,ESP,42810.957,,42810.957,reported_china_import,t,False,non_lithium,no_adjustment,False,,
253090_china_import,2019,SDN,0.017,,0.017,reported_china_import,t,False,insufficient_data,no_adjustment,False,,
253090_china_import,2019,SWE,0.0,,0.0,reported_china_import,t,False,insufficient_data,no_adjustment,False,,
253090_china_import,2019,CHE,0.011,,0.011,reported_china_import,t,False,insufficient_data,no_adjustment,False,,
253090_china_import,2019,TJK,0.981,,0.981,reported_china_import,t,False,insufficient_data,no_adjustment,False,,
253090_china_import,2019,THA,24.37,,24.37,reported_china_import,t,False,insufficient_data,no_adjustment,False,,
253090_china_import,2019,ARE,82925.93,,82925.93,reported_china_import,t,False,non_lithium,no_adjustment,False,,
253090_china_import,2019,TUR,6708.63,,6708.63,reported_china_import,t,False,non_lithium,no_adjustment,False,,
253090_china_import,2019,TKM,73070.69,,73070.69,reported_china_import,t,False,non_lithium,no_adjustment,False,,
253090_china_import,2019,UGA,95.75,,95.75,reported_china_import,t,False,insufficient_data,no_adjustment,False,,
253090_china_import,2019,UKR,37.031,,37.031,reported_china_import,t,False,insufficient_data,no_adjustment,False,,
253090_china_import,2019,EGY,234.718,,234.718,reported_china_import,t,False,insufficient_data,no_adjustment,False,,
253090_china_import,2019,GBR,122.364757,,122.364757,reported_china_import,t,False,insufficient_data,no_adjustment,False,,
253090_china_import,2019,USA,49000.275,,49000.275,reported_china_import,t,False,non_lithium,no_adjustment,False,,
253090_china_import,2019,BFA,0.09,,0.09,reported_china_import,t,False,insufficient_data,no_adjustment,False,,
253090_china_import,2019,URY,2.291,,2.291,reported_china_import,t,False,insufficient_data,no_adjustment,False,,
253090_china_import,2019,ZMB,0.014,,0.014,reported_china_import,t,False,insufficient_data,no_adjustment,False,,
253090_china_import,2020,AGO,0.592,,0.592,reported_china_import,t,False,insufficient_data,no_adjustment,False,,
253090_china_import,2020,AUS,1391700.401,,1391700.401,reported_china_import,t,True,lithium,no_adjustment,False,,
253090_china_import,2020,AUT,76.596,,76.596,reported_china_import,t,False,insufficient_data,no_adjustment,False,,
253090_china_import,2020,BEL,7.528313,,7.528313,reported_china_import,t,False,insufficient_data,no_adjustment,False,,
253090_china_import,2020,BRA,37185.2,,37185.2,reported_china_import,t,True,lithium,no_adjustment,False,,
253090_china_import,2020,MMR,13500.697,,13500.697,reported_china_import,t,True,lithium,no_adjustment,False,,
253090_china_import,2020,BDI,375.0,,375.0,reported_china_import,t,False,insufficient_data,no_adjustment,False,,
253090_china_import,2020,CMR,0.06,,0.06,reported_china_import,t,False,insufficient_data,no_adjustment,False,,
253090_china_import,2020,CAN,1.652364,,1.652364,reported_china_import,t,True,lithium,no_adjustment,False,,
253090_china_import,2020,CHL,21.152,,21.152,reported_china_import,t,False,insufficient_data,no_adjustment,False,,
253090_china_import,2020,CHN,77.888602,,77.888602,reported_china_import,t,False,insufficient_data,no_adjustment,False,,
253090_china_import,2020,COL,0.229,,0.229,reported_china_import,t,False,insufficient_data,no_adjustment,False,,
253090_china_import,2020,COD,0.186,,0.186,reported_china_import,t,False,insufficient_data,no_adjustment,False,,
253090_china_import,2020,HRV,0.153,,0.153,reported_china_import,t,False,insufficient_data,no_adjustment,False,,
253090_china_import,2020,CYP,177.789,,177.789,reported_china_import,t,False,insufficient_data,no_adjustment,False,,
253090_china_import,2020,CZE,19.824856,,19.824856,reported_china_import,t,False,insufficient_data,no_adjustment,False,,
253090_china_import,2020,DOM,0.007,,0.007,reported_china_import,t,False,insufficient_data,no_adjustment,False,,
253090_china_import,2020,FIN,816.7,,816.7,reported_china_import,t,False,insufficient_data,no_adjustment,False,,
253090_china_import,2020,FRA,72.91557399999999,,72.91557399999999,reported_china_import,t,False,insufficient_data,no_adjustment,False,,
253090_china_import,2020,DEU,5400.796,,5400.796,reported_china_import,t,False,insufficient_data,no_adjustment,False,,
253090_china_import,2020,GHA,0.069,,0.069,reported_china_import,t,False,insufficient_data,no_adjustment,False,,
253090_china_import,2020,GIN,0.09,,0.09,reported_china_import,t,False,insufficient_data,no_adjustment,False,,
253090_china_import,2020,IDN,118.907,,118.907,reported_china_import,t,False,non_lithium,no_adjustment,False,,
253090_china_import,2020,IRN,15762.992,,15762.992,reported_china_import,t,False,non_lithium,no_adjustment,False,,
253090_china_import,2020,ISR,0.005,,0.005,reported_china_import,t,False,insufficient_data,no_adjustment,False,,
253090_china_import,2020,ITA,562.488,,562.488,reported_china_import,t,False,insufficient_data,no_adjustment,False,,
253090_china_import,2020,JPN,12082.137,,12082.137,reported_china_import,t,False,non_lithium,no_adjustment,False,,
253090_china_import,2020,KAZ,1.16,,1.16,reported_china_import,t,False,insufficient_data,no_adjustment,False,,
253090_china_import,2020,JOR,3.0,,3.0,reported_china_import,t,False,insufficient_data,no_adjustment,False,,
253090_china_import,2020,KOR,1741.17,,1741.17,reported_china_import,t,False,insufficient_data,no_adjustment,False,,
253090_china_import,2020,LAO,354.787,,354.787,reported_china_import,t,False,insufficient_data,no_adjustment,False,,
253090_china_import,2020,LVA,14.383,,14.383,reported_china_import,t,False,insufficient_data,no_adjustment,False,,
253090_china_import,2020,LTU,43.029,,43.029,reported_china_import,t,False,insufficient_data,no_adjustment,False,,
253090_china_import,2020,MDG,42.11,,42.11,reported_china_import,t,False,insufficient_data,no_adjustment,False,,
253090_china_import,2020,MWI,0.044,,0.044,reported_china_import,t,False,insufficient_data,no_adjustment,False,,
253090_china_import,2020,MYS,4073.86,,4073.86,reported_china_import,t,False,non_lithium,no_adjustment,False,,
253090_china_import,2020,MLI,0.4,,0.4,reported_china_import,t,False,insufficient_data,no_adjustment,False,,
253090_china_import,2020,MRT,1.375,,1.375,reported_china_import,t,False,insufficient_data,no_adjustment,False,,
253090_china_import,2020,MEX,356.969,,356.969,reported_china_import,t,False,insufficient_data,no_adjustment,False,,
253090_china_import,2020,MNG,2.7935920000000003,,2.7935920000000003,reported_china_import,t,False,insufficient_data,no_adjustment,False,,
253090_china_import,2020,MAR,117.986,,117.986,reported_china_import,t,False,insufficient_data,no_adjustment,False,,
253090_china_import,2020,MOZ,48.44,,48.44,reported_china_import,t,False,insufficient_data,no_adjustment,False,,
253090_china_import,2020,OMN,5838.981442,,5838.981442,reported_china_import,t,False,insufficient_data,no_adjustment,False,,
253090_china_import,2020,NAM,0.228,,0.228,reported_china_import,t,False,non_lithium,no_adjustment,False,,
253090_china_import,2020,NLD,204.622,,204.622,reported_china_import,t,False,insufficient_data,no_adjustment,False,,
253090_china_import,2020,NZL,3.25,,3.25,reported_china_import,t,False,insufficient_data,no_adjustment,False,,
253090_china_import,2020,NGA,2465.075,,2465.075,reported_china_import,t,True,lithium,no_adjustment,False,,
253090_china_import,2020,NOR,145.463,,145.463,reported_china_import,t,False,insufficient_data,no_adjustment,False,,
253090_china_import,2020,PAK,29.255,,29.255,reported_china_import,t,False,insufficient_data,no_adjustment,False,,
253090_china_import,2020,PHL,226.395,,226.395,reported_china_import,t,False,insufficient_data,no_adjustment,False,,
253090_china_import,2020,POL,24.29,,24.29,reported_china_import,t,False,insufficient_data,no_adjustment,False,,
253090_china_import,2020,RUS,563.793637,,563.793637,reported_china_import,t,False,non_lithium,no_adjustment,False,,
253090_china_import,2020,RWA,193.016,,193.016,reported_china_import,t,False,insufficient_data,no_adjustment,False,,
253090_china_import,2020,SAU,1.5,,1.5,reported_china_import,t,False,insufficient_data,no_adjustment,False,,
253090_china_import,2020,SRB,14.75,,14.75,reported_china_import,t,False,insufficient_data,no_adjustment,False,,
253090_china_import,2020,IND,796.65,,796.65,reported_china_import,t,False,insufficient_data,no_adjustment,False,,
253090_china_import,2020,SVK,336.58,,336.58,reported_china_import,t,False,insufficient_data,no_adjustment,False,,
253090_china_import,2020,VNM,964332.75,,964332.75,reported_china_import,t,False,non_lithium,no_adjustment,False,,
253090_china_import,2020,SVN,30.0,,30.0,reported_china_import,t,False,insufficient_data,no_adjustment,False,,
253090_china_import,2020,SOM,324.865,,324.865,reported_china_import,t,False,insufficient_data,no_adjustment,False,,
253090_china_import,2020,ZAF,14280.31,,14280.31,reported_china_import,t,False,non_lithium,no_adjustment,False,,
253090_china_import,2020,ZWE,3.62,,3.62,reported_china_import,t,True,lithium,no_adjustment,False,,
253090_china_import,2020,ESP,6013.127,,6013.127,reported_china_import,t,False,non_lithium,no_adjustment,False,,
253090_china_import,2020,SDN,0.046,,0.046,reported_china_import,t,False,insufficient_data,no_adjustment,False,,
253090_china_import,2020,THA,7.55,,7.55,reported_china_import,t,False,insufficient_data,no_adjustment,False,,
253090_china_import,2020,ARE,156669.99,,156669.99,reported_china_import,t,False,non_lithium,no_adjustment,False,,
253090_china_import,2020,TUR,20366.695,,20366.695,reported_china_import,t,False,non_lithium,no_adjustment,False,,
253090_china_import,2020,TKM,13515.12,,13515.12,reported_china_import,t,False,non_lithium,no_adjustment,False,,
253090_china_import,2020,UGA,0.172,,0.172,reported_china_import,t,False,insufficient_data,no_adjustment,False,,
253090_china_import,2020,UKR,34.99,,34.99,reported_china_import,t,False,insufficient_data,no_adjustment,False,,
253090_china_import,2020,EGY,96.238,,96.238,reported_china_import,t,False,insufficient_data,no_adjustment,False,,
253090_china_import,2020,GBR,110.527148,,110.527148,reported_china_import,t,False,insufficient_data,no_adjustment,False,,
253090_china_import,2020,TZA,0.113,,0.113,reported_china_import,t,False,insufficient_data,no_adjustment,False,,
253090_china_import,2020,USA,75328.08,,75328.08,reported_china_import,t,False,non_lithium,no_adjustment,False,,
253090_china_import,2020,UZB,0.742,,0.742,reported_china_import,t,False,insufficient_data,no_adjustment,False,,
253090_china_import,2020,YEM,45.0,,45.0,reported_china_import,t,False,insufficient_data,no_adjustment,False,,
253090_china_import,2021,DZA,11.240551,,11.240551,reported_china_import,t,False,insufficient_data,no_adjustment,False,,
253090_china_import,2021,AGO,3.372,,3.372,reported_china_import,t,False,insufficient_data,no_adjustment,False,,
253090_china_import,2021,AZE,10996.95,,10996.95,reported_china_import,t,False,non_lithium,no_adjustment,False,,
253090_china_import,2021,ARG,266.801,,266.801,reported_china_import,t,False,insufficient_data,no_adjustment,False,,
253090_china_import,2021,AUS,1890499.0,,1890499.0,reported_china_import,t,True,lithium,no_adjustment,False,,
253090_china_import,2021,AUT,146.907,,146.907,reported_china_import,t,False,insufficient_data,no_adjustment,False,,
253090_china_import,2021,BGD,6.6,,6.6,reported_china_import,t,False,insufficient_data,no_adjustment,False,,
253090_china_import,2021,BEL,29.314,,29.314,reported_china_import,t,False,insufficient_data,no_adjustment,False,,
253090_china_import,2021,BOL,0.528,,0.528,reported_china_import,t,False,insufficient_data,no_adjustment,False,,
253090_china_import,2021,BRA,110965.6,,110965.6,reported_china_import,t,True,lithium,no_adjustment,False,,
253090_china_import,2021,MMR,8328.022,,8328.022,reported_china_import,t,True,lithium,no_adjustment,False,,
253090_china_import,2021,BDI,150.0,,150.0,reported_china_import,t,False,insufficient_data,no_adjustment,False,,
253090_china_import,2021,CAN,1059.578738,,1059.578738,reported_china_import,t,True,lithium,no_adjustment,False,,
253090_china_import,2021,TCD,2.817,,2.817,reported_china_import,t,False,insufficient_data,no_adjustment,False,,
253090_china_import,2021,CHN,85.442566,,85.442566,reported_china_import,t,False,insufficient_data,no_adjustment,False,,
253090_china_import,2021,COL,3.45,,3.45,reported_china_import,t,False,insufficient_data,no_adjustment,False,,
253090_china_import,2021,COG,0.32,,0.32,reported_china_import,t,False,insufficient_data,no_adjustment,False,,
253090_china_import,2021,COD,4.019,,4.019,reported_china_import,t,False,insufficient_data,no_adjustment,False,,
253090_china_import,2021,HRV,3.49,,3.49,reported_china_import,t,False,insufficient_data,no_adjustment,False,,
253090_china_import,2021,CYP,252.18,,252.18,reported_china_import,t,False,insufficient_data,no_adjustment,False,,
253090_china_import,2021,CZE,,,,reported_china_import,t,False,insufficient_data,not_applicable,False,,
253090_china_import,2021,DNK,9.516183999999999,,9.516183999999999,reported_china_import,t,False,insufficient_data,no_adjustment,False,,
253090_china_import,2021,DOM,0.41933499999999996,,0.41933499999999996,reported_china_import,t,False,insufficient_data,no_adjustment,False,,
253090_china_import,2021,ETH,0.2,,0.2,reported_china_import,t,False,insufficient_data,no_adjustment,False,,
253090_china_import,2021,ERI,0.426,,0.426,reported_china_import,t,False,insufficient_data,no_adjustment,False,,
253090_china_import,2021,FIN,949.2,,949.2,reported_china_import,t,False,insufficient_data,no_adjustment,False,,
253090_china_import,2021,FRA,684.4255820000001,,684.4255820000001,reported_china_import,t,False,insufficient_data,no_adjustment,False,,
253090_china_import,2021,DEU,5760.254,,5760.254,reported_china_import,t,False,insufficient_data,no_adjustment,False,,
253090_china_import,2021,GHA,0.99,,0.99,reported_china_import,t,False,insufficient_data,no_adjustment,False,,
253090_china_import,2021,GRC,0.08,,0.08,reported_china_import,t,False,insufficient_data,no_adjustment,False,,
253090_china_import,2021,GTM,68.997,,68.997,reported_china_import,t,False,insufficient_data,no_adjustment,False,,
253090_china_import,2021,GIN,3.916,,3.916,reported_china_import,t,False,insufficient_data,no_adjustment,False,,
253090_china_import,2021,GUY,0.178,,0.178,reported_china_import,t,False,insufficient_data,no_adjustment,False,,
253090_china_import,2021,HKG,0.137,,0.137,reported_china_import,t,False,non_lithium,no_adjustment,False,,
253090_china_import,2021,HUN,4.488,,4.488,reported_china_import,t,False,insufficient_data,no_adjustment,False,,
253090_china_import,2021,IDN,516.641,,516.641,reported_china_import,t,False,non_lithium,no_adjustment,False,,
253090_china_import,2021,IRN,7571.827,,7571.827,reported_china_import,t,False,non_lithium,no_adjustment,False,,
253090_china_import,2021,ISR,5.262,,5.262,reported_china_import,t,False,insufficient_data,no_adjustment,False,,
253090_china_import,2021,ITA,473.536,,473.536,reported_china_import,t,False,insufficient_data,no_adjustment,False,,
253090_china_import,2021,JPN,12924.632,,12924.632,reported_china_import,t,False,non_lithium,no_adjustment,False,,
253090_china_import,2021,KAZ,0.029050999999999997,,0.029050999999999997,reported_china_import,t,False,insufficient_data,no_adjustment,False,,
253090_china_import,2021,JOR,91.03,,91.03,reported_china_import,t,False,insufficient_data,no_adjustment,False,,
253090_china_import,2021,KEN,26.406,,26.406,reported_china_import,t,False,insufficient_data,no_adjustment,False,,
253090_china_import,2021,PRK,0.1,,0.1,reported_china_import,t,False,insufficient_data,no_adjustment,False,,
253090_china_import,2021,KOR,2443.809,,2443.809,reported_china_import,t,False,insufficient_data,no_adjustment,False,,
253090_china_import,2021,LAO,392.726,,392.726,reported_china_import,t,False,insufficient_data,no_adjustment,False,,
253090_china_import,2021,LVA,6.418,,6.418,reported_china_import,t,False,insufficient_data,no_adjustment,False,,
253090_china_import,2021,LTU,3.9466390000000002,,3.9466390000000002,reported_china_import,t,False,insufficient_data,no_adjustment,False,,
253090_china_import,2021,MDG,104.024,,104.024,reported_china_import,t,False,insufficient_data,no_adjustment,False,,
253090_china_import,2021,MYS,31875.79,,31875.79,reported_china_import,t,False,non_lithium,no_adjustment,False,,
253090_china_import,2021,MDV,0.226,,0.226,reported_china_import,t,False,insufficient_data,no_adjustment,False,,
253090_china_import,2021,MLI,376.38,,376.38,reported_china_import,t,False,insufficient_data,no_adjustment,False,,
253090_china_import,2021,MRT,1.202,,1.202,reported_china_import,t,False,insufficient_data,no_adjustment,False,,
253090_china_import,2021,MEX,3483.426,,3483.426,reported_china_import,t,False,insufficient_data,no_adjustment,False,,
253090_china_import,2021,MNG,0.886,,0.886,reported_china_import,t,False,insufficient_data,no_adjustment,False,,
253090_china_import,2021,MAR,1284.738,,1284.738,reported_china_import,t,False,insufficient_data,no_adjustment,False,,
253090_china_import,2021,MOZ,177.521,,177.521,reported_china_import,t,False,insufficient_data,no_adjustment,False,,
253090_china_import,2021,NAM,4.197,,4.197,reported_china_import,t,False,non_lithium,no_adjustment,False,,
253090_china_import,2021,NPL,0.082,,0.082,reported_china_import,t,False,insufficient_data,no_adjustment,False,,
253090_china_import,2021,NLD,340.569,,340.569,reported_china_import,t,False,insufficient_data,no_adjustment,False,,
253090_china_import,2021,NZL,0.92,,0.92,reported_china_import,t,False,insufficient_data,no_adjustment,False,,
253090_china_import,2021,NGA,3304.297,,3304.297,reported_china_import,t,True,lithium,no_adjustment,False,,
253090_china_import,2021,NOR,0.03,,0.03,reported_china_import,t,False,insufficient_data,no_adjustment,False,,
253090_china_import,2021,PAK,0.9264020000000001,,0.9264020000000001,reported_china_import,t,False,insufficient_data,no_adjustment,False,,
253090_china_import,2021,PER,1.843,,1.843,reported_china_import,t,False,insufficient_data,no_adjustment,False,,
253090_china_import,2021,PHL,0.004,,0.004,reported_china_import,t,False,insufficient_data,no_adjustment,False,,
253090_china_import,2021,POL,5.177,,5.177,reported_china_import,t,False,insufficient_data,no_adjustment,False,,
253090_china_import,2021,ROU,0.361,,0.361,reported_china_import,t,False,insufficient_data,no_adjustment,False,,
253090_china_import,2021,RUS,5451.477,,5451.477,reported_china_import,t,False,non_lithium,no_adjustment,False,,
253090_china_import,2021,SEN,0.02,,0.02,reported_china_import,t,False,insufficient_data,no_adjustment,False,,
253090_china_import,2021,SRB,1.537,,1.537,reported_china_import,t,False,insufficient_data,no_adjustment,False,,
253090_china_import,2021,SLE,1.084,,1.084,reported_china_import,t,False,insufficient_data,no_adjustment,False,,
253090_china_import,2021,IND,1065.061,,1065.061,reported_china_import,t,False,insufficient_data,no_adjustment,False,,
253090_china_import,2021,SVK,440.0,,440.0,reported_china_import,t,False,insufficient_data,no_adjustment,False,,
253090_china_import,2021,VNM,931595.5,,931595.5,reported_china_import,t,False,non_lithium,no_adjustment,False,,
253090_china_import,2021,SVN,107.12,,107.12,reported_china_import,t,False,insufficient_data,no_adjustment,False,,
253090_china_import,2021,SOM,496.55,,496.55,reported_china_import,t,False,insufficient_data,no_adjustment,False,,
253090_china_import,2021,ZAF,26333.031,,26333.031,reported_china_import,t,False,non_lithium,no_adjustment,False,,
253090_china_import,2021,ZWE,4.636,,4.636,reported_china_import,t,True,lithium,no_adjustment,False,,
253090_china_import,2021,ESP,168111.787,,168111.787,reported_china_import,t,False,non_lithium,no_adjustment,False,,
253090_china_import,2021,SWE,0.083,,0.083,reported_china_import,t,False,insufficient_data,no_adjustment,False,,
253090_china_import,2021,TJK,0.2,,0.2,reported_china_import,t,False,insufficient_data,no_adjustment,False,,
253090_china_import,2021,THA,71.492227,,71.492227,reported_china_import,t,False,insufficient_data,no_adjustment,False,,
253090_china_import,2021,ARE,159915.02,,159915.02,reported_china_import,t,False,non_lithium,no_adjustment,False,,
253090_china_import,2021,TUR,55844.98,,55844.98,reported_china_import,t,False,non_lithium,no_adjustment,False,,
253090_china_import,2021,TKM,50144.29,,50144.29,reported_china_import,t,False,non_lithium,no_adjustment,False,,
253090_china_import,2021,UGA,0.394,,0.394,reported_china_import,t,False,insufficient_data,no_adjustment,False,,
253090_china_import,2021,UKR,45.551,,45.551,reported_china_import,t,False,insufficient_data,no_adjustment,False,,
253090_china_import,2021,EGY,10.453,,10.453,reported_china_import,t,False,insufficient_data,no_adjustment,False,,
253090_china_import,2021,GBR,132.92945,,132.92945,reported_china_import,t,False,insufficient_data,no_adjustment,False,,
253090_china_import,2021,TZA,4.7,,4.7,reported_china_import,t,False,insufficient_data,no_adjustment,False,,
253090_china_import,2021,USA,80242.021,,80242.021,reported_china_import,t,False,non_lithium,no_adjustment,False,,
253090_china_import,2021,UZB,0.039,,0.039,reported_china_import,t,False,insufficient_data,no_adjustment,False,,
253090_china_import,2021,ZMB,252.96,,252.96,reported_china_import,t,False,insufficient_data,no_adjustment,False,,
253090_china_import,2022,AGO,1082.268,,1082.268,reported_china_import,t,False,insufficient_data,no_adjustment,False,,
253090_china_import,2022,AZE,89418.95,,89418.95,reported_china_import,t,False,non_lithium,no_adjustment,False,,
253090_china_import,2022,ARG,54.063412,,54.063412,reported_china_import,t,False,insufficient_data,no_adjustment,False,,
253090_china_import,2022,AUS,2625593.0228959997,,2625593.0228959997,reported_china_import,t,True,lithium,no_adjustment,False,,
253090_china_import,2022,AUT,81.225,,81.225,reported_china_import,t,False,insufficient_data,no_adjustment,False,,
253090_china_import,2022,BEL,2.5,,2.5,reported_china_import,t,False,insufficient_data,no_adjustment,False,,
253090_china_import,2022,BOL,0.001,,0.001,reported_china_import,t,False,insufficient_data,no_adjustment,False,,
253090_china_import,2022,BRA,134539.77,,134539.77,reported_china_import,t,True,lithium,no_adjustment,False,,
253090_china_import,2022,BGR,0.08691299999999999,,0.08691299999999999,reported_china_import,t,False,insufficient_data,no_adjustment,False,,
253090_china_import,2022,MMR,200.277,,200.277,reported_china_import,t,True,lithium,no_adjustment,False,,
253090_china_import,2022,CMR,0.281,,0.281,reported_china_import,t,False,insufficient_data,no_adjustment,False,,
253090_china_import,2022,CAN,4349.898,,4349.898,reported_china_import,t,True,lithium,no_adjustment,False,,
253090_china_import,2022,LKA,0.037382,,0.037382,reported_china_import,t,False,insufficient_data,no_adjustment,False,,
253090_china_import,2022,TCD,0.401,,0.401,reported_china_import,t,False,insufficient_data,no_adjustment,False,,
253090_china_import,2022,CHL,0.021,,0.021,reported_china_import,t,False,insufficient_data,no_adjustment,False,,
253090_china_import,2022,CHN,95.492215,,95.492215,reported_china_import,t,False,insufficient_data,no_adjustment,False,,
253090_china_import,2022,COL,0.534,,0.534,reported_china_import,t,False,insufficient_data,no_adjustment,False,,
253090_china_import,2022,COG,0.28,,0.28,reported_china_import,t,False,insufficient_data,no_adjustment,False,,
253090_china_import,2022,COD,9.508,,9.508,reported_china_import,t,False,insufficient_data,no_adjustment,False,,
253090_china_import,2022,CYP,144.996,,144.996,reported_china_import,t,False,insufficient_data,no_adjustment,False,,
253090_china_import,2022,CZE,2.3299090000000002,,2.3299090000000002,reported_china_import,t,False,insufficient_data,no_adjustment,False,,
253090_china_import,2022,DOM,0.119,,0.119,reported_china_import,t,False,insufficient_data,no_adjustment,False,,
253090_china_import,2022,ETH,0.06,,0.06,reported_china_import,t,False,insufficient_data,no_adjustment,False,,
253090_china_import,2022,ERI,0.021,,0.021,reported_china_import,t,False,insufficient_data,no_adjustment,False,,
253090_china_import,2022,FIN,866.057,,866.057,reported_china_import,t,False,insufficient_data,no_adjustment,False,,
253090_china_import,2022,FRA,831.153875,,831.153875,reported_china_import,t,False,insufficient_data,no_adjustment,False,,
253090_china_import,2022,DEU,4294.739,,4294.739,reported_china_import,t,False,insufficient_data,no_adjustment,False,,
253090_china_import,2022,GHA,0.67,,0.67,reported_china_import,t,False,insufficient_data,no_adjustment,False,,
253090_china_import,2022,GTM,0.45,,0.45,reported_china_import,t,False,insufficient_data,no_adjustment,False,,
253090_china_import,2022,GIN,1.067,,1.067,reported_china_import,t,False,insufficient_data,no_adjustment,False,,
253090_china_import,2022,GUY,4.841,,4.841,reported_china_import,t,False,insufficient_data,no_adjustment,False,,
253090_china_import,2022,HKG,0.039,,0.039,reported_china_import,t,False,non_lithium,no_adjustment,False,,
253090_china_import,2022,HUN,0.851,,0.851,reported_china_import,t,False,insufficient_data,no_adjustment,False,,
253090_china_import,2022,IDN,2613.108,,2613.108,reported_china_import,t,False,non_lithium,no_adjustment,False,,
253090_china_import,2022,IRN,3804.216,,3804.216,reported_china_import,t,False,non_lithium,no_adjustment,False,,
253090_china_import,2022,IRL,0.08691299999999999,,0.08691299999999999,reported_china_import,t,False,insufficient_data,no_adjustment,False,,
253090_china_import,2022,ISR,1.54,,1.54,reported_china_import,t,False,insufficient_data,no_adjustment,False,,
253090_china_import,2022,ITA,21.092,,21.092,reported_china_import,t,False,insufficient_data,no_adjustment,False,,
253090_china_import,2022,CIV,0.081306,,0.081306,reported_china_import,t,False,insufficient_data,no_adjustment,False,,
253090_china_import,2022,JPN,13431.775,,13431.775,reported_china_import,t,False,non_lithium,no_adjustment,False,,
253090_china_import,2022,KAZ,0.3,,0.3,reported_china_import,t,False,insufficient_data,no_adjustment,False,,
253090_china_import,2022,JOR,28.2,,28.2,reported_china_import,t,False,insufficient_data,no_adjustment,False,,
253090_china_import,2022,KEN,48.406,,48.406,reported_china_import,t,False,insufficient_data,no_adjustment,False,,
253090_china_import,2022,KOR,2616.055,,2616.055,reported_china_import,t,False,insufficient_data,no_adjustment,False,,
253090_china_import,2022,LAO,621.022,,621.022,reported_china_import,t,False,insufficient_data,no_adjustment,False,,
253090_china_import,2022,LVA,3.441,,3.441,reported_china_import,t,False,insufficient_data,no_adjustment,False,,
253090_china_import,2022,LBY,0.39,,0.39,reported_china_import,t,False,insufficient_data,no_adjustment,False,,
253090_china_import,2022,LTU,0.247,,0.247,reported_china_import,t,False,insufficient_data,no_adjustment,False,,
253090_china_import,2022,MDG,6635.26,,6635.26,reported_china_import,t,False,insufficient_data,no_adjustment,False,,
253090_china_import,2022,MYS,40226.67,,40226.67,reported_china_import,t,False,non_lithium,no_adjustment,False,,
253090_china_import,2022,MLI,11429.285,,11429.285,reported_china_import,t,False,insufficient_data,no_adjustment,False,,
253090_china_import,2022,MRT,1.002,,1.002,reported_china_import,t,False,insufficient_data,no_adjustment,False,,
253090_china_import,2022,MEX,17219.67,,17219.67,reported_china_import,t,False,insufficient_data,no_adjustment,False,,
253090_china_import,2022,MNG,1.21,,1.21,reported_china_import,t,False,insufficient_data,no_adjustment,False,,
253090_china_import,2022,MAR,777.218262,,777.218262,reported_china_import,t,False,insufficient_data,no_adjustment,False,,
253090_china_import,2022,MOZ,2370.07,,2370.07,reported_china_import,t,False,insufficient_data,no_adjustment,False,,
253090_china_import,2022,OMN,1.46,,1.46,reported_china_import,t,False,insufficient_data,no_adjustment,False,,
253090_china_import,2022,NAM,72755.346756,,72755.346756,reported_china_import,t,False,non_lithium,no_adjustment,False,,
253090_china_import,2022,NLD,1073.926,,1073.926,reported_china_import,t,False,insufficient_data,no_adjustment,False,,
253090_china_import,2022,NZL,0.012,,0.012,reported_china_import,t,False,insufficient_data,no_adjustment,False,,
253090_china_import,2022,NER,24.96,,24.96,reported_china_import,t,False,insufficient_data,no_adjustment,False,,
253090_china_import,2022,NGA,81131.956,,81131.956,reported_china_import,t,True,lithium,no_adjustment,False,,
253090_china_import,2022,PAK,568.290364,,568.290364,reported_china_import,t,False,insufficient_data,no_adjustment,False,,
253090_china_import,2022,PER,0.123,,0.123,reported_china_import,t,False,insufficient_data,no_adjustment,False,,
253090_china_import,2022,PHL,0.008,,0.008,reported_china_import,t,False,insufficient_data,no_adjustment,False,,
253090_china_import,2022,POL,18.186,,18.186,reported_china_import,t,False,insufficient_data,no_adjustment,False,,
253090_china_import,2022,PRT,0.004,,0.004,reported_china_import,t,False,insufficient_data,no_adjustment,False,,
253090_china_import,2022,RUS,7782.735,,7782.735,reported_china_import,t,False,non_lithium,no_adjustment,False,,
253090_china_import,2022,RWA,2989.948,,2989.948,reported_china_import,t,False,insufficient_data,no_adjustment,False,,
253090_china_import,2022,SRB,1.788,,1.788,reported_china_import,t,False,insufficient_data,no_adjustment,False,,
253090_china_import,2022,IND,1493.103,,1493.103,reported_china_import,t,False,insufficient_data,no_adjustment,False,,
253090_china_import,2022,SGP,82.0,,82.0,reported_china_import,t,False,insufficient_data,no_adjustment,False,,
253090_china_import,2022,SVK,692.0,,692.0,reported_china_import,t,False,insufficient_data,no_adjustment,False,,
253090_china_import,2022,VNM,729275.2,,729275.2,reported_china_import,t,False,non_lithium,no_adjustment,False,,
253090_china_import,2022,SVN,96.2,,96.2,reported_china_import,t,False,insufficient_data,no_adjustment,False,,
253090_china_import,2022,SOM,185.17,,185.17,reported_china_import,t,False,insufficient_data,no_adjustment,False,,
253090_china_import,2022,ZAF,63500.416,,63500.416,reported_china_import,t,False,non_lithium,no_adjustment,False,,
253090_china_import,2022,ZWE,62207.173,,62207.173,reported_china_import,t,True,lithium,no_adjustment,False,,
253090_china_import,2022,ESP,74889.309,,74889.309,reported_china_import,t,False,non_lithium,no_adjustment,False,,
253090_china_import,2022,CHE,0.038382,,0.038382,reported_china_import,t,False,insufficient_data,no_adjustment,False,,
253090_china_import,2022,THA,0.228,,0.228,reported_china_import,t,False,insufficient_data,no_adjustment,False,,
253090_china_import,2022,ARE,102347.07,,102347.07,reported_china_import,t,False,non_lithium,no_adjustment,False,,
253090_china_import,2022,TUR,35414.6,,35414.6,reported_china_import,t,False,non_lithium,no_adjustment,False,,
253090_china_import,2022,TKM,8341.83,,8341.83,reported_china_import,t,False,non_lithium,no_adjustment,False,,
253090_china_import,2022,UGA,47.606,,47.606,reported_china_import,t,False,insufficient_data,no_adjustment,False,,
253090_china_import,2022,UKR,52.422,,52.422,reported_china_import,t,False,insufficient_data,no_adjustment,False,,
253090_china_import,2022,GBR,112.957,,112.957,reported_china_import,t,False,insufficient_data,no_adjustment,False,,
253090_china_import,2022,TZA,561.822,,561.822,reported_china_import,t,False,insufficient_data,no_adjustment,False,,
253090_china_import,2022,USA,79865.941,,79865.941,reported_china_import,t,False,non_lithium,no_adjustment,False,,
253090_china_import,2022,UZB,0.045,,0.045,reported_china_import,t,False,insufficient_data,no_adjustment,False,,
253090_china_import,2022,ZMB,20.96,,20.96,reported_china_import,t,False,insufficient_data,no_adjustment,False,,
253090_china_import,2023,AFG,0.18,,0.18,reported_china_import,t,False,insufficient_data,no_adjustment,False,,
253090_china_import,2023,DZA,0.016,,0.016,reported_china_import,t,False,insufficient_data,no_adjustment,False,,
253090_china_import,2023,AGO,0.005,,0.005,reported_china_import,t,False,insufficient_data,no_adjustment,False,,
253090_china_import,2023,ARG,2476.762,,2476.762,reported_china_import,t,False,insufficient_data,no_adjustment,False,,
253090_china_import,2023,AUS,3531628.0,,3531628.0,reported_china_import,t,True,lithium,no_adjustment,False,,
253090_china_import,2023,AUT,39.857,,39.857,reported_china_import,t,False,insufficient_data,no_adjustment,False,,
253090_china_import,2023,BHR,0.002,,0.002,reported_china_import,t,False,insufficient_data,no_adjustment,False,,
253090_china_import,2023,BEL,439.675,,439.675,reported_china_import,t,False,insufficient_data,no_adjustment,False,,
253090_china_import,2023,BOL,0.301,,0.301,reported_china_import,t,False,insufficient_data,no_adjustment,False,,
253090_china_import,2023,BRA,375891.391,,375891.391,reported_china_import,t,True,lithium,no_adjustment,False,,
253090_china_import,2023,BGR,0.024,,0.024,reported_china_import,t,False,insufficient_data,no_adjustment,False,,
253090_china_import,2023,MMR,24516.718,,24516.718,reported_china_import,t,True,lithium,no_adjustment,False,,
253090_china_import,2023,BDI,150.28,,150.28,reported_china_import,t,False,insufficient_data,no_adjustment,False,,
253090_china_import,2023,CMR,0.017,,0.017,reported_china_import,t,False,insufficient_data,no_adjustment,False,,
253090_china_import,2023,CAN,90200.451,,90200.451,reported_china_import,t,True,lithium,no_adjustment,False,,
253090_china_import,2023,LKA,0.18,,0.18,reported_china_import,t,False,insufficient_data,no_adjustment,False,,
253090_china_import,2023,TCD,0.857,,0.857,reported_china_import,t,False,insufficient_data,no_adjustment,False,,
253090_china_import,2023,CHL,25.225,,25.225,reported_china_import,t,False,insufficient_data,no_adjustment,False,,
253090_china_import,2023,CHN,100.25524300000001,,100.25524300000001,reported_china_import,t,False,insufficient_data,no_adjustment,False,,
253090_china_import,2023,COL,1.558,,1.558,reported_china_import,t,False,insufficient_data,no_adjustment,False,,
253090_china_import,2023,COD,77.358,,77.358,reported_china_import,t,False,insufficient_data,no_adjustment,False,,
253090_china_import,2023,CYP,88.43,,88.43,reported_china_import,t,False,insufficient_data,no_adjustment,False,,
253090_china_import,2023,CZE,1.102,,1.102,reported_china_import,t,False,insufficient_data,no_adjustment,False,,
253090_china_import,2023,DOM,0.008,,0.008,reported_china_import,t,False,insufficient_data,no_adjustment,False,,
253090_china_import,2023,ETH,14984.869,,14984.869,reported_china_import,t,False,insufficient_data,no_adjustment,False,,
253090_china_import,2023,ERI,0.07,,0.07,reported_china_import,t,False,insufficient_data,no_adjustment,False,,
253090_china_import,2023,FJI,0.09,,0.09,reported_china_import,t,False,insufficient_data,no_adjustment,False,,
253090_china_import,2023,FIN,1236.6,,1236.6,reported_china_import,t,False,insufficient_data,no_adjustment,False,,
253090_china_import,2023,FRA,1520.400273,,1520.400273,reported_china_import,t,False,insufficient_data,no_adjustment,False,,
253090_china_import,2023,DJI,311.82,,311.82,reported_china_import,t,False,insufficient_data,no_adjustment,False,,
253090_china_import,2023,GAB,1.26,,1.26,reported_china_import,t,False,insufficient_data,no_adjustment,False,,
253090_china_import,2023,DEU,3506.105,,3506.105,reported_china_import,t,False,insufficient_data,no_adjustment,False,,
253090_china_import,2023,GHA,336.093,,336.093,reported_china_import,t,False,insufficient_data,no_adjustment,False,,
253090_china_import,2023,GIN,0.12,,0.12,reported_china_import,t,False,insufficient_data,no_adjustment,False,,
253090_china_import,2023,GUY,2.07,,2.07,reported_china_import,t,False,insufficient_data,no_adjustment,False,,
253090_china_import,2023,HKG,0.016,,0.016,reported_china_import,t,False,non_lithium,no_adjustment,False,,
253090_china_import,2023,HUN,0.215,,0.215,reported_china_import,t,False,insufficient_data,no_adjustment,False,,
253090_china_import,2023,ISL,0.15,,0.15,reported_china_import,t,False,insufficient_data,no_adjustment,False,,
253090_china_import,2023,IDN,7606.798,,7606.798,reported_china_import,t,False,non_lithium,no_adjustment,False,,
253090_china_import,2023,IRN,6783.778,,6783.778,reported_china_import,t,False,non_lithium,no_adjustment,False,,
253090_china_import,2023,IRQ,0.198,,0.198,reported_china_import,t,False,insufficient_data,no_adjustment,False,,
253090_china_import,2023,ISR,0.595,,0.595,reported_china_import,t,False,insufficient_data,no_adjustment,False,,
253090_china_import,2023,ITA,791.7880289999999,,791.7880289999999,reported_china_import,t,False,insufficient_data,no_adjustment,False,,
253090_china_import,2023,CIV,0.13,,0.13,reported_china_import,t,False,insufficient_data,no_adjustment,False,,
253090_china_import,2023,JPN,11698.99,,11698.99,reported_china_import,t,False,non_lithium,no_adjustment,False,,
253090_china_import,2023,KAZ,23.0,,23.0,reported_china_import,t,False,insufficient_data,no_adjustment,False,,
253090_china_import,2023,JOR,1.2,,1.2,reported_china_import,t,False,insufficient_data,no_adjustment,False,,
253090_china_import,2023,KEN,800.779,,800.779,reported_china_import,t,False,insufficient_data,no_adjustment,False,,
253090_china_import,2023,KOR,5816.414,,5816.414,reported_china_import,t,False,insufficient_data,no_adjustment,False,,
253090_china_import,2023,LAO,1192.951,,1192.951,reported_china_import,t,False,insufficient_data,no_adjustment,False,,
253090_china_import,2023,LVA,9.598,,9.598,reported_china_import,t,False,insufficient_data,no_adjustment,False,,
253090_china_import,2023,LBR,2.08,,2.08,reported_china_import,t,False,insufficient_data,no_adjustment,False,,
253090_china_import,2023,LBY,0.849,,0.849,reported_china_import,t,False,insufficient_data,no_adjustment,False,,
253090_china_import,2023,LTU,0.835486,,0.835486,reported_china_import,t,False,insufficient_data,no_adjustment,False,,
253090_china_import,2023,MDG,13430.69,,13430.69,reported_china_import,t,False,insufficient_data,no_adjustment,False,,
253090_china_import,2023,MWI,0.01,,0.01,reported_china_import,t,False,insufficient_data,no_adjustment,False,,
253090_china_import,2023,MYS,42915.377,,42915.377,reported_china_import,t,False,non_lithium,no_adjustment,False,,
253090_china_import,2023,MLI,6918.255,,6918.255,reported_china_import,t,False,insufficient_data,no_adjustment,False,,
253090_china_import,2023,MRT,0.835131,,0.835131,reported_china_import,t,False,insufficient_data,no_adjustment,False,,
253090_china_import,2023,MUS,0.001,,0.001,reported_china_import,t,False,insufficient_data,no_adjustment,False,,
253090_china_import,2023,MEX,5376.79,,5376.79,reported_china_import,t,False,insufficient_data,no_adjustment,False,,
253090_china_import,2023,MNG,8.930037,,8.930037,reported_china_import,t,False,insufficient_data,no_adjustment,False,,
253090_china_import,2023,MDA,0.012,,0.012,reported_china_import,t,False,insufficient_data,no_adjustment,False,,
253090_china_import,2023,MAR,3248.565,,3248.565,reported_china_import,t,False,insufficient_data,no_adjustment,False,,
253090_china_import,2023,MOZ,8714.893,,8714.893,reported_china_import,t,False,insufficient_data,no_adjustment,False,,
253090_china_import,2023,OMN,0.003,,0.003,reported_china_import,t,False,insufficient_data,no_adjustment,False,,
253090_china_import,2023,NAM,105570.341,,105570.341,reported_china_import,t,False,non_lithium,no_adjustment,False,,
253090_china_import,2023,NPL,0.019,,0.019,reported_china_import,t,False,insufficient_data,no_adjustment,False,,
253090_china_import,2023,NLD,208.161,,208.161,reported_china_import,t,False,insufficient_data,no_adjustment,False,,
253090_china_import,2023,NZL,0.12,,0.12,reported_china_import,t,False,insufficient_data,no_adjustment,False,,
253090_china_import,2023,NER,47.464,,47.464,reported_china_import,t,False,insufficient_data,no_adjustment,False,,
253090_china_import,2023,NGA,571150.568,,571150.568,reported_china_import,t,True,lithium,no_adjustment,False,,
253090_china_import,2023,NOR,0.03,,0.03,reported_china_import,t,False,insufficient_data,no_adjustment,False,,
253090_china_import,2023,PAK,468.075,,468.075,reported_china_import,t,False,insufficient_data,no_adjustment,False,,
253090_china_import,2023,PAN,0.005,,0.005,reported_china_import,t,False,insufficient_data,no_adjustment,False,,
253090_china_import,2023,PER,0.686,,0.686,reported_china_import,t,False,insufficient_data,no_adjustment,False,,
253090_china_import,2023,PHL,122.604,,122.604,reported_china_import,t,False,insufficient_data,no_adjustment,False,,
253090_china_import,2023,POL,17.63,,17.63,reported_china_import,t,False,insufficient_data,no_adjustment,False,,
253090_china_import,2023,ROU,0.005,,0.005,reported_china_import,t,False,insufficient_data,no_adjustment,False,,
253090_china_import,2023,RUS,15408.602,,15408.602,reported_china_import,t,False,non_lithium,no_adjustment,False,,
253090_china_import,2023,RWA,10489.106,,10489.106,reported_china_import,t,False,insufficient_data,no_adjustment,False,,
253090_china_import,2023,SAU,0.056604999999999996,,0.056604999999999996,reported_china_import,t,False,insufficient_data,no_adjustment,False,,
253090_china_import,2023,SEN,31.292,,31.292,reported_china_import,t,False,insufficient_data,no_adjustment,False,,
253090_china_import,2023,SRB,1.975,,1.975,reported_china_import,t,False,insufficient_data,no_adjustment,False,,
253090_china_import,2023,SLE,0.599,,0.599,reported_china_import,t,False,insufficient_data,no_adjustment,False,,
253090_china_import,2023,IND,3492.387449,,3492.387449,reported_china_import,t,False,insufficient_data,no_adjustment,False,,
253090_china_import,2023,SGP,40.02,,40.02,reported_china_import,t,False,insufficient_data,no_adjustment,False,,
253090_china_import,2023,SVK,272.0,,272.0,reported_china_import,t,False,insufficient_data,no_adjustment,False,,
253090_china_import,2023,VNM,640090.9,,640090.9,reported_china_import,t,False,non_lithium,no_adjustment,False,,
253090_china_import,2023,SVN,0.005,,0.005,reported_china_import,t,False,insufficient_data,no_adjustment,False,,
253090_china_import,2023,SOM,224.903,,224.903,reported_china_import,t,False,insufficient_data,no_adjustment,False,,
253090_china_import,2023,ZAF,300102.589,,300102.589,reported_china_import,t,False,non_lithium,no_adjustment,False,,
253090_china_import,2023,ZWE,404671.76,,404671.76,reported_china_import,t,True,lithium,no_adjustment,False,,
253090_china_import,2023,ESP,1189.618,,1189.618,reported_china_import,t,False,non_lithium,no_adjustment,False,,
253090_china_import,2023,SDN,0.146,,0.146,reported_china_import,t,False,insufficient_data,no_adjustment,False,,
253090_china_import,2023,SWE,0.05,,0.05,reported_china_import,t,False,insufficient_data,no_adjustment,False,,
253090_china_import,2023,CHE,0.012,,0.012,reported_china_import,t,False,insufficient_data,no_adjustment,False,,
253090_china_import,2023,THA,6.607,,6.607,reported_china_import,t,False,insufficient_data,no_adjustment,False,,
253090_china_import,2023,ARE,119631.47,,119631.47,reported_china_import,t,False,non_lithium,no_adjustment,False,,
253090_china_import,2023,TUR,50515.14,,50515.14,reported_china_import,t,False,non_lithium,no_adjustment,False,,
253090_china_import,2023,UGA,5746.328,,5746.328,reported_china_import,t,False,insufficient_data,no_adjustment,False,,
253090_china_import,2023,UKR,70.286,,70.286,reported_china_import,t,False,insufficient_data,no_adjustment,False,,
253090_china_import,2023,EGY,49.5,,49.5,reported_china_import,t,False,insufficient_data,no_adjustment,False,,
253090_china_import,2023,GBR,21.318217,,21.318217,reported_china_import,t,False,insufficient_data,no_adjustment,False,,
253090_china_import,2023,TZA,2831.633,,2831.633,reported_china_import,t,False,insufficient_data,no_adjustment,False,,
253090_china_import,2023,USA,68462.941,,68462.941,reported_china_import,t,False,non_lithium,no_adjustment,False,,
253090_china_import,2023,BFA,0.01,,0.01,reported_china_import,t,False,insufficient_data,no_adjustment,False,,
253090_china_import,2023,URY,0.089,,0.089,reported_china_import,t,False,insufficient_data,no_adjustment,False,,
253090_china_import,2023,UZB,0.44,,0.44,reported_china_import,t,False,insufficient_data,no_adjustment,False,,
253090_china_import,2023,VEN,0.126,,0.126,reported_china_import,t,False,insufficient_data,no_adjustment,False,,
253090_china_import,2023,ZMB,209.767,,209.767,reported_china_import,t,False,insufficient_data,no_adjustment,False,,
253090_china_import,2024,ALB,0.11,,0.11,reported_china_import,t,False,insufficient_data,no_adjustment,False,,
253090_china_import,2024,DZA,0.139,,0.139,reported_china_import,t,False,insufficient_data,no_adjustment,False,,
253090_china_import,2024,AGO,0.023,,0.023,reported_china_import,t,False,insufficient_data,no_adjustment,False,,
253090_china_import,2024,ARG,213.441,,213.441,reported_china_import,t,False,insufficient_data,no_adjustment,False,,
253090_china_import,2024,AUS,3673339.043,,3673339.043,reported_china_import,t,True,lithium,no_adjustment,False,,
253090_china_import,2024,AUT,54.935558,,54.935558,reported_china_import,t,False,insufficient_data,no_adjustment,False,,
253090_china_import,2024,BEL,567.639,,567.639,reported_china_import,t,False,insufficient_data,no_adjustment,False,,
253090_china_import,2024,BOL,0.097,,0.097,reported_china_import,t,False,insufficient_data,no_adjustment,False,,
253090_china_import,2024,BRA,322397.83,,322397.83,reported_china_import,t,True,lithium,no_adjustment,False,,
253090_china_import,2024,SLB,35.735,,35.735,reported_china_import,t,False,insufficient_data,no_adjustment,False,,
253090_china_import,2024,BGR,0.803,,0.803,reported_china_import,t,False,insufficient_data,no_adjustment,False,,
253090_china_import,2024,MMR,1117.683,,1117.683,reported_china_import,t,True,lithium,no_adjustment,False,,
253090_china_import,2024,BDI,75.0,,75.0,reported_china_import,t,False,insufficient_data,no_adjustment,False,,
253090_china_import,2024,CAN,209520.52,,209520.52,reported_china_import,t,True,lithium,no_adjustment,False,,
253090_china_import,2024,TCD,0.537,,0.537,reported_china_import,t,False,insufficient_data,no_adjustment,False,,
253090_china_import,2024,CHN,45.318134,,45.318134,reported_china_import,t,False,insufficient_data,no_adjustment,False,,
253090_china_import,2024,COL,0.482,,0.482,reported_china_import,t,False,insufficient_data,no_adjustment,False,,
253090_china_import,2024,COG,300.751,,300.751,reported_china_import,t,False,insufficient_data,no_adjustment,False,,
253090_china_import,2024,COD,103.297,,103.297,reported_china_import,t,False,insufficient_data,no_adjustment,False,,
253090_china_import,2024,HRV,1.201,,1.201,reported_china_import,t,False,insufficient_data,no_adjustment,False,,
253090_china_import,2024,CYP,156.622,,156.622,reported_china_import,t,False,insufficient_data,no_adjustment,False,,
253090_china_import,2024,CZE,0.11353400000000001,,0.11353400000000001,reported_china_import,t,False,insufficient_data,no_adjustment,False,,
253090_china_import,2024,DOM,0.065,,0.065,reported_china_import,t,False,insufficient_data,no_adjustment,False,,
253090_china_import,2024,ECU,0.5,,0.5,reported_china_import,t,False,insufficient_data,no_adjustment,False,,
253090_china_import,2024,ETH,4990.194,,4990.194,reported_china_import,t,False,insufficient_data,no_adjustment,False,,
253090_china_import,2024,ERI,0.13,,0.13,reported_china_import,t,False,insufficient_data,no_adjustment,False,,
253090_china_import,2024,FJI,0.525,,0.525,reported_china_import,t,False,insufficient_data,no_adjustment,False,,
253090_china_import,2024,FIN,1400.268,,1400.268,reported_china_import,t,False,insufficient_data,no_adjustment,False,,
253090_china_import,2024,FRA,1348.494,,1348.494,reported_china_import,t,False,insufficient_data,no_adjustment,False,,
253090_china_import,2024,DJI,48.0,,48.0,reported_china_import,t,False,insufficient_data,no_adjustment,False,,
253090_china_import,2024,DEU,4680.037,,4680.037,reported_china_import,t,False,insufficient_data,no_adjustment,False,,
253090_china_import,2024,GHA,350.69,,350.69,reported_china_import,t,False,insufficient_data,no_adjustment,False,,
253090_china_import,2024,GRC,806.401,,806.401,reported_china_import,t,False,insufficient_data,no_adjustment,False,,
253090_china_import,2024,GIN,0.121,,0.121,reported_china_import,t,False,insufficient_data,no_adjustment,False,,
253090_china_import,2024,GUY,3.98,,3.98,reported_china_import,t,False,insufficient_data,no_adjustment,False,,
253090_china_import,2024,HND,0.004,,0.004,reported_china_import,t,False,insufficient_data,no_adjustment,False,,
253090_china_import,2024,HUN,134.0,,134.0,reported_china_import,t,False,insufficient_data,no_adjustment,False,,
253090_china_import,2024,IDN,69122.119,,69122.119,reported_china_import,t,False,non_lithium,no_adjustment,False,,
253090_china_import,2024,IRN,8928.382,,8928.382,reported_china_import,t,False,non_lithium,no_adjustment,False,,
253090_china_import,2024,IRQ,0.368,,0.368,reported_china_import,t,False,insufficient_data,no_adjustment,False,,
253090_china_import,2024,IRL,0.02,,0.02,reported_china_import,t,False,insufficient_data,no_adjustment,False,,
253090_china_import,2024,ISR,2.152,,2.152,reported_china_import,t,False,insufficient_data,no_adjustment,False,,
253090_china_import,2024,ITA,0.391013,,0.391013,reported_china_import,t,False,insufficient_data,no_adjustment,False,,
253090_china_import,2024,JPN,15286.674,,15286.674,reported_china_import,t,False,non_lithium,no_adjustment,False,,
253090_china_import,2024,KAZ,60.51,,60.51,reported_china_import,t,False,insufficient_data,no_adjustment,False,,
253090_china_import,2024,JOR,0.045,,0.045,reported_china_import,t,False,insufficient_data,no_adjustment,False,,
253090_china_import,2024,KEN,651.87,,651.87,reported_china_import,t,False,insufficient_data,no_adjustment,False,,
253090_china_import,2024,KOR,16366.873,,16366.873,reported_china_import,t,False,insufficient_data,no_adjustment,False,,
253090_china_import,2024,KGZ,3.401,,3.401,reported_china_import,t,False,insufficient_data,no_adjustment,False,,
253090_china_import,2024,LAO,574.212,,574.212,reported_china_import,t,False,insufficient_data,no_adjustment,False,,
253090_china_import,2024,LVA,1.242,,1.242,reported_china_import,t,False,insufficient_data,no_adjustment,False,,
253090_china_import,2024,LBR,3.68,,3.68,reported_china_import,t,False,insufficient_data,no_adjustment,False,,
253090_china_import,2024,LBY,14.013,,14.013,reported_china_import,t,False,insufficient_data,no_adjustment,False,,
253090_china_import,2024,LTU,1.244,,1.244,reported_china_import,t,False,insufficient_data,no_adjustment,False,,
253090_china_import,2024,MDG,2013.15,,2013.15,reported_china_import,t,False,insufficient_data,no_adjustment,False,,
253090_china_import,2024,MWI,0.147,,0.147,reported_china_import,t,False,insufficient_data,no_adjustment,False,,
253090_china_import,2024,MYS,54094.064,,54094.064,reported_china_import,t,False,non_lithium,no_adjustment,False,,
253090_china_import,2024,MRT,1.636,,1.636,reported_china_import,t,False,insufficient_data,no_adjustment,False,,
253090_china_import,2024,MEX,448.133,,448.133,reported_china_import,t,False,insufficient_data,no_adjustment,False,,
253090_china_import,2024,MNG,1190.215407,,1190.215407,reported_china_import,t,False,insufficient_data,no_adjustment,False,,
253090_china_import,2024,MAR,348.74,,348.74,reported_china_import,t,False,insufficient_data,no_adjustment,False,,
253090_china_import,2024,MOZ,10780.93,,10780.93,reported_china_import,t,False,insufficient_data,no_adjustment,False,,
253090_china_import,2024,NAM,13683.924,,13683.924,reported_china_import,t,False,non_lithium,no_adjustment,False,,
253090_china_import,2024,NLD,729.907,,729.907,reported_china_import,t,False,insufficient_data,no_adjustment,False,,
253090_china_import,2024,NIC,0.242,,0.242,reported_china_import,t,False,insufficient_data,no_adjustment,False,,
253090_china_import,2024,NGA,490223.4,,490223.4,reported_china_import,t,True,lithium,no_adjustment,False,,
253090_china_import,2024,NOR,0.965,,0.965,reported_china_import,t,False,insufficient_data,no_adjustment,False,,
253090_china_import,2024,PAK,1109.487422,,1109.487422,reported_china_import,t,False,insufficient_data,no_adjustment,False,,
253090_china_import,2024,PNG,0.2,,0.2,reported_china_import,t,False,insufficient_data,no_adjustment,False,,
253090_china_import,2024,PER,16.03,,16.03,reported_china_import,t,False,insufficient_data,no_adjustment,False,,
253090_china_import,2024,PHL,45.445,,45.445,reported_china_import,t,False,insufficient_data,no_adjustment,False,,
253090_china_import,2024,POL,33.039,,33.039,reported_china_import,t,False,insufficient_data,no_adjustment,False,,
253090_china_import,2024,ROU,0.02,,0.02,reported_china_import,t,False,insufficient_data,no_adjustment,False,,
253090_china_import,2024,RUS,29503.124,,29503.124,reported_china_import,t,False,non_lithium,no_adjustment,False,,
253090_china_import,2024,RWA,5586.582,,5586.582,reported_china_import,t,False,insufficient_data,no_adjustment,False,,
253090_china_import,2024,SEN,448.6,,448.6,reported_china_import,t,False,insufficient_data,no_adjustment,False,,
253090_china_import,2024,SRB,0.597,,0.597,reported_china_import,t,False,insufficient_data,no_adjustment,False,,
253090_china_import,2024,SLE,0.54,,0.54,reported_china_import,t,False,insufficient_data,no_adjustment,False,,
253090_china_import,2024,IND,14686.92,,14686.92,reported_china_import,t,False,insufficient_data,no_adjustment,False,,
253090_china_import,2024,SGP,20.023,,20.023,reported_china_import,t,False,insufficient_data,no_adjustment,False,,
253090_china_import,2024,SVK,376.0,,376.0,reported_china_import,t,False,insufficient_data,no_adjustment,False,,
253090_china_import,2024,VNM,648403.5,,648403.5,reported_china_import,t,False,non_lithium,no_adjustment,False,,
253090_china_import,2024,SOM,272.414,,272.414,reported_china_import,t,False,insufficient_data,no_adjustment,False,,
253090_china_import,2024,ZAF,972832.106,,972832.106,reported_china_import,t,False,non_lithium,no_adjustment,False,,
253090_china_import,2024,ZWE,1259179.9,,1259179.9,reported_china_import,t,True,lithium,no_adjustment,False,,
253090_china_import,2024,ESP,2065.226,,2065.226,reported_china_import,t,False,non_lithium,no_adjustment,False,,
253090_china_import,2024,SWE,0.069,,0.069,reported_china_import,t,False,insufficient_data,no_adjustment,False,,
253090_china_import,2024,CHE,0.007,,0.007,reported_china_import,t,False,insufficient_data,no_adjustment,False,,
253090_china_import,2024,TJK,3.4,,3.4,reported_china_import,t,False,insufficient_data,no_adjustment,False,,
253090_china_import,2024,THA,6634.438545,,6634.438545,reported_china_import,t,False,insufficient_data,no_adjustment,False,,
253090_china_import,2024,ARE,142176.44,,142176.44,reported_china_import,t,False,non_lithium,no_adjustment,False,,
253090_china_import,2024,TUR,40222.724,,40222.724,reported_china_import,t,False,non_lithium,no_adjustment,False,,
253090_china_import,2024,UGA,936.536,,936.536,reported_china_import,t,False,insufficient_data,no_adjustment,False,,
253090_china_import,2024,UKR,100.757,,100.757,reported_china_import,t,False,insufficient_data,no_adjustment,False,,
253090_china_import,2024,EGY,88.077,,88.077,reported_china_import,t,False,insufficient_data,no_adjustment,False,,
253090_china_import,2024,GBR,149.69928,,149.69928,reported_china_import,t,False,insufficient_data,no_adjustment,False,,
253090_china_import,2024,TZA,1318.899,,1318.899,reported_china_import,t,False,insufficient_data,no_adjustment,False,,
253090_china_import,2024,USA,57589.865,,57589.865,reported_china_import,t,False,non_lithium,no_adjustment,False,,
253090_china_import,2024,URY,0.08,,0.08,reported_china_import,t,False,insufficient_data,no_adjustment,False,,
253090_china_import,2024,UZB,0.123,,0.123,reported_china_import,t,False,insufficient_data,no_adjustment,False,,
253090_china_import,2024,YEM,155.76,,155.76,reported_china_import,t,False,insufficient_data,no_adjustment,False,,
253090_china_import,2024,ZMB,375.383,,375.383,reported_china_import,t,False,insufficient_data,no_adjustment,False,,
